true_class,true_class_name,minute,absolute_importance
2,Schizophrenia,302,0.0034912492
2,Schizophrenia,306,0.0034413144
2,Schizophrenia,305,0.003397902
2,Schizophrenia,122,0.0033295848
2,Schizophrenia,301,0.003282167
2,Schizophrenia,14,0.0031735608
2,Schizophrenia,22,0.0031276406
2,Schizophrenia,314,0.003084552
2,Schizophrenia,142,0.0030398583
2,Schizophrenia,1398,0.0030252254
2,Schizophrenia,326,0.0030132972
2,Schizophrenia,333,0.0030005681
2,Schizophrenia,313,0.0029999546
2,Schizophrenia,114,0.0029987537
2,Schizophrenia,70,0.0029908335
2,Schizophrenia,126,0.0029883694
2,Schizophrenia,270,0.0029609594
2,Schizophrenia,310,0.002957744
2,Schizophrenia,146,0.002950743
2,Schizophrenia,102,0.0029506374
