Fold,Rank,Feature,Mean_Absolute_SHAP
1,1,Std Activity,0.27334199036024015
1,2,CNN_Embedding_42,0.1826964936361156
1,3,Night Activity,0.14034500937614666
1,4,Morning Activity,0.1256848347646107
1,5,CNN_Embedding_44,0.12261605899019253
2,1,Std Activity,0.2733179745190909
2,2,CNN_Embedding_42,0.1660662367433234
2,3,Morning Activity,0.14046711298175937
2,4,Night Activity,0.1350345420710671
2,5,Max Activity,0.12330842652665494
3,1,Std Activity,0.2539539791316811
3,2,CNN_Embedding_42,0.18915777539639012
3,3,Morning Activity,0.13323359098211784
3,4,Night Activity,0.1310431804886649
3,5,Peak Count,0.11996965623946018
4,1,Std Activity,0.23506961907722979
4,2,CNN_Embedding_42,0.15088581362888073
4,3,Max Activity,0.13668049222853026
4,4,Night Activity,0.1348062921269137
4,5,CNN_Embedding_44,0.11605878779964597
5,1,Std Activity,0.2272497744840136
5,2,CNN_Embedding_42,0.1560125853181712
5,3,CNN_Embedding_44,0.15255712831954604
5,4,Night Activity,0.13423885020029053
5,5,Afternoon Activity,0.12764706969341014
