Task,Model,Accuracy,F1,AUC
binary_healthy_vs_condition,LightGBM,62.5,0.625,0.6825
binary_healthy_vs_condition,CatBoost,81.25,0.8132,0.8413
binary_healthy_vs_condition,Random Forest,68.75,0.6837,0.7937
binary_healthy_vs_condition,Ensemble,68.75,0.6887,0.7778
binary_healthy_vs_condition,LightGBM (5-fold CV),70.08,0.6777,0.8434
3class_healthy_dep_schiz,LightGBM,62.5,0.6146,0.7453
3class_healthy_dep_schiz,CatBoost,62.5,0.6258,0.7721
3class_healthy_dep_schiz,Random Forest,56.25,0.531,0.7522
3class_healthy_dep_schiz,Ensemble,62.5,0.6146,0.7852
3class_healthy_dep_schiz,LightGBM (5-fold CV),57.25,0.5552,0.751
depression_binary_DEPRESJON,LightGBM,81.82,0.8182,0.8333
depression_binary_DEPRESJON,CatBoost,81.82,0.8182,0.8
depression_binary_DEPRESJON,Random Forest,81.82,0.8084,0.7667
depression_binary_DEPRESJON,Ensemble,81.82,0.8182,0.8
depression_binary_DEPRESJON,LightGBM (5-fold CV),63.64,0.6242,0.71
MADRS_regression,LightGBM,-64.49,0.85,-0.6449
