Component,Task,Model,Accuracy,F1,AUC
B — Survey,PHQ4_severity_4class,LightGBM,44.66,0.4407,0.6854
B — Survey,PHQ4_severity_4class,CatBoost,49.04,0.4829,0.7084
B — Survey,PHQ4_severity_4class,Random Forest,47.95,0.4606,0.7176
B — Survey,PHQ4_severity_4class,Ensemble,44.66,0.4404,0.7031
B — Survey,Depression_binary,LightGBM,52.6,0.5172,0.4925
B — Survey,Depression_binary,CatBoost,52.05,0.5024,0.4734
B — Survey,Depression_binary,Random Forest,53.7,0.5327,0.5222
B — Survey,Depression_binary,Ensemble,53.42,0.516,0.4888
B — Survey,Anxiety_binary,LightGBM,100.0,1.0,1.0
B — Survey,Anxiety_binary,CatBoost,100.0,1.0,1.0
B — Survey,Anxiety_binary,Random Forest,100.0,1.0,1.0
B — Survey,Anxiety_binary,Ensemble,100.0,1.0,1.0
