subject_index,actigraphy_condition,survey_risk,unified_risk,recommended_action
1,Healthy,Mild Risk,Low,Routine monitoring
2,Healthy,Mild Risk,Low,Routine monitoring
3,Healthy,Mild Risk,Low,Routine monitoring
4,Healthy,Mild Risk,Low,Routine monitoring
5,Healthy,Normal Risk,Low,Routine monitoring
6,Healthy,Mild Risk,Low,Routine monitoring
7,Healthy,Mild Risk,Low,Routine monitoring
8,Healthy,Mild Risk,Low,Routine monitoring
9,Healthy,Mild Risk,Low,Routine monitoring
10,Healthy,Normal Risk,Low,Routine monitoring
