feature_set,imbalance,model,accuracy_mean,accuracy_std,precision_mean,precision_std,recall_mean,recall_std,f1_mean,f1_std,auc_mean,auc_std
18 baseline features,None,CatBoost,0.7523809523809524,0.06838936322104723,0.7374709333494163,0.13900066135466674,0.7523809523809524,0.06838936322104723,0.7135307225863652,0.09977675325387127,0.8469353195823783,0.12215368264911011
18 baseline features,None,LightGBM,0.770995670995671,0.0775665289037533,0.7699729437229437,0.15347147276824863,0.770995670995671,0.0775665289037533,0.7367839388058824,0.11623128813274429,0.884367201426025,0.07284406471919257
18 baseline features,None,Random Forest,0.7432900432900433,0.059957100659798784,0.7155012363797193,0.1240406229604619,0.7432900432900433,0.059957100659798784,0.704331588387231,0.09210725963519895,0.8605695611577964,0.09761106318236464
27 enhanced features,Borderline-SMOTE,CatBoost,0.7978354978354979,0.07016460045377151,0.8009386936592818,0.0721568840611413,0.7978354978354979,0.07016460045377151,0.7831296800262317,0.0723666122452596,0.8958008658008658,0.06305590958643989
27 enhanced features,Borderline-SMOTE,LightGBM,0.8346320346320347,0.09475230294332612,0.8345034132534133,0.10643345843299001,0.8346320346320347,0.09475230294332612,0.8235081443742438,0.1027115111113871,0.9168746286393346,0.0663747410768308
27 enhanced features,Borderline-SMOTE,Random Forest,0.7978354978354979,0.08956698448957855,0.796838210808799,0.09081915987981594,0.7978354978354979,0.08956698448957855,0.7821589789520824,0.09576178017816415,0.9039546727782021,0.06641662576627272
27 enhanced features,None,CatBoost,0.7887445887445887,0.04212724026217441,0.800187484084543,0.04793449913782218,0.7887445887445887,0.04212724026217441,0.7617858386823905,0.05786224360639654,0.9191987097869451,0.04741354782661074
27 enhanced features,None,LightGBM,0.8073593073593074,0.037708336342390375,0.803783422459893,0.04467182270660236,0.8073593073593074,0.037708336342390375,0.7842770438829552,0.044567979846480185,0.9188498429674901,0.0452632131161077
27 enhanced features,None,Random Forest,0.7796536796536797,0.03897306211792478,0.7886506875477464,0.06795747032184858,0.7796536796536797,0.03897306211792478,0.7527605205661633,0.04776589772448313,0.9071004159239454,0.06425218659043165
