feature_set,imbalance,model,fold,accuracy,precision,recall,f1,auc
18 baseline features,None,Random Forest,1,0.7727272727272727,0.7824675324675325,0.7727272727272727,0.7550177095631642,0.934194890077243
18 baseline features,None,Random Forest,2,0.7727272727272727,0.7528409090909091,0.7727272727272727,0.7473130317957903,0.8732917409387998
18 baseline features,None,Random Forest,3,0.7727272727272727,0.7878787878787878,0.7727272727272727,0.7516233766233765,0.9542780748663102
18 baseline features,None,Random Forest,4,0.6363636363636364,0.4952153110047847,0.6363636363636364,0.540719696969697,0.7091503267973857
18 baseline features,None,Random Forest,5,0.7619047619047619,0.7591036414565826,0.7619047619047619,0.7269841269841271,0.8319327731092436
18 baseline features,None,CatBoost,1,0.7727272727272727,0.7824675324675325,0.7727272727272727,0.7550177095631642,0.9365715983363042
18 baseline features,None,CatBoost,2,0.8181818181818182,0.84375,0.8181818181818182,0.7960143304970891,0.8630421865715984
18 baseline features,None,CatBoost,3,0.7727272727272727,0.8068181818181818,0.7727272727272727,0.7489177489177489,0.9676470588235294
18 baseline features,None,CatBoost,4,0.6363636363636364,0.4952153110047847,0.6363636363636364,0.540719696969697,0.6589423648247178
18 baseline features,None,CatBoost,5,0.7619047619047619,0.7591036414565826,0.7619047619047619,0.7269841269841271,0.8084733893557422
18 baseline features,None,LightGBM,1,0.7727272727272727,0.8084415584415584,0.7727272727272727,0.7749081726354454,0.9236482471776589
18 baseline features,None,LightGBM,2,0.8181818181818182,0.84375,0.8181818181818182,0.7960143304970891,0.8804218657159834
18 baseline features,None,LightGBM,3,0.8181818181818182,0.8636363636363636,0.8181818181818182,0.8084415584415584,0.9855614973262032
18 baseline features,None,LightGBM,4,0.6363636363636364,0.4977272727272728,0.6363636363636364,0.5304998032270759,0.8233808674985145
18 baseline features,None,LightGBM,5,0.8095238095238095,0.8363095238095238,0.8095238095238095,0.7740558292282431,0.8088235294117647
25 enhanced features,None,Random Forest,1,0.7272727272727273,0.6266233766233765,0.7272727272727273,0.6681971227425773,0.9365715983363042
25 enhanced features,None,Random Forest,2,0.8181818181818182,0.84375,0.8181818181818182,0.7960143304970891,0.9144385026737968
25 enhanced features,None,Random Forest,3,0.7727272727272727,0.7878787878787878,0.7727272727272727,0.7516233766233765,0.953475935828877
25 enhanced features,None,Random Forest,4,0.6818181818181818,0.5782828282828283,0.6818181818181818,0.6092375366568915,0.7813428401663696
25 enhanced features,None,Random Forest,5,0.7619047619047619,0.7591036414565826,0.7619047619047619,0.7269841269841271,0.9047619047619048
25 enhanced features,None,CatBoost,1,0.7727272727272727,0.7532467532467532,0.7727272727272727,0.743049543049543,0.9239453357100416
25 enhanced features,None,CatBoost,2,0.8181818181818182,0.84375,0.8181818181818182,0.7960143304970891,0.9217171717171716
25 enhanced features,None,CatBoost,3,0.7272727272727273,0.6931818181818182,0.7272727272727273,0.683982683982684,0.9598930481283422
25 enhanced features,None,CatBoost,4,0.7272727272727273,0.7449494949494949,0.7272727272727273,0.6860773634967184,0.7453951277480688
25 enhanced features,None,CatBoost,5,0.7619047619047619,0.7591036414565826,0.7619047619047619,0.7269841269841271,0.9166666666666666
25 enhanced features,None,LightGBM,1,0.8181818181818182,0.8798701298701297,0.8181818181818182,0.7770125497398225,0.9107248960190136
25 enhanced features,None,LightGBM,2,0.8636363636363636,0.8757575757575757,0.8636363636363636,0.8555194805194805,0.8890374331550802
25 enhanced features,None,LightGBM,3,0.7727272727272727,0.7318181818181819,0.7727272727272727,0.7316017316017316,0.9679144385026738
25 enhanced features,None,LightGBM,4,0.8181818181818182,0.8609625668449198,0.8181818181818182,0.7978354978354979,0.9272133095662507
25 enhanced features,None,LightGBM,5,0.7619047619047619,0.7591036414565826,0.7619047619047619,0.7269841269841271,0.9376750700280112
25 enhanced features,Borderline-SMOTE,Random Forest,1,0.6818181818181818,0.7256493506493507,0.6818181818181818,0.6913452708907254,0.9034462269756386
25 enhanced features,Borderline-SMOTE,Random Forest,2,0.8181818181818182,0.8323863636363636,0.8181818181818182,0.8025078369905956,0.8960190136660725
25 enhanced features,Borderline-SMOTE,Random Forest,3,0.7727272727272727,0.7516233766233765,0.7727272727272727,0.7560217560217559,0.9633689839572193
25 enhanced features,Borderline-SMOTE,Random Forest,4,0.6363636363636364,0.5276292335115864,0.6363636363636364,0.568939393939394,0.7554961378490791
25 enhanced features,Borderline-SMOTE,Random Forest,5,0.7619047619047619,0.7591036414565826,0.7619047619047619,0.7269841269841271,0.8813025210084033
25 enhanced features,Borderline-SMOTE,CatBoost,1,0.6363636363636364,0.6195887445887446,0.6363636363636364,0.6191735537190083,0.8865121806298276
25 enhanced features,Borderline-SMOTE,CatBoost,2,0.8181818181818182,0.84375,0.8181818181818182,0.7960143304970891,0.9016636957813429
25 enhanced features,Borderline-SMOTE,CatBoost,3,0.7272727272727273,0.7099567099567099,0.7272727272727273,0.708041958041958,0.9355614973262032
25 enhanced features,Borderline-SMOTE,CatBoost,4,0.7272727272727273,0.694295900178253,0.7272727272727273,0.6863636363636364,0.7624777183600713
25 enhanced features,Borderline-SMOTE,CatBoost,5,0.7619047619047619,0.7591036414565826,0.7619047619047619,0.7269841269841271,0.8865546218487395
25 enhanced features,Borderline-SMOTE,LightGBM,1,0.6818181818181818,0.6893939393939393,0.6818181818181818,0.6795959595959595,0.9246880570409981
25 enhanced features,Borderline-SMOTE,LightGBM,2,0.8181818181818182,0.8037878787878788,0.8181818181818182,0.8041125541125541,0.9763814616755794
25 enhanced features,Borderline-SMOTE,LightGBM,3,0.7727272727272727,0.7516233766233765,0.7727272727272727,0.7560217560217559,0.9606951871657755
25 enhanced features,Borderline-SMOTE,LightGBM,4,0.7272727272727273,0.694295900178253,0.7272727272727273,0.6863636363636364,0.8008021390374332
25 enhanced features,Borderline-SMOTE,LightGBM,5,0.7142857142857143,0.7530612244897958,0.7142857142857143,0.7160493827160493,0.846638655462185
