time,activity_normalized,integrated_gradient,absolute_attribution
00:00,-0.5861098,-0.0009936999,0.0009936999
00:15,-0.5861098,0.00076339795,0.00076339795
00:30,-0.5861098,-0.0019139635,0.0019139635
00:45,-0.5861098,0.0036476727,0.0036476727
01:00,-0.5861098,-0.0044037113,0.0044037113
01:15,-0.5861098,0.001157417,0.001157417
01:30,-0.5861098,-7.901002e-05,7.901002e-05
01:45,-0.5861098,0.009323581,0.009323581
02:00,-0.5861098,0.0046328423,0.0046328423
02:15,-0.5861098,-0.00023172828,0.00023172828
02:30,-0.5861098,-0.006216964,0.006216964
02:45,-0.5861098,0.0111405635,0.0111405635
03:00,-0.5861098,0.007949719,0.007949719
03:15,-0.5861098,-0.0016158656,0.0016158656
03:30,-0.5861098,-0.0077593643,0.0077593643
03:45,-0.5861098,0.010870987,0.010870987
04:00,-0.5861098,0.007794219,0.007794219
04:15,-0.5861098,-0.0016167721,0.0016167721
04:30,-0.5861098,-0.007833524,0.007833524
04:45,-0.5861098,0.010891941,0.010891941
05:00,-0.5861098,0.007824971,0.007824971
05:15,-0.5861098,-0.0016299436,0.0016299436
05:30,-0.5861098,-0.007801731,0.007801731
05:45,-0.5861098,0.008938806,0.008938806
06:00,-0.5861098,0.010007371,0.010007371
06:15,-0.5861098,0.0014036624,0.0014036624
06:30,-0.5861098,-0.007419674,0.007419674
06:45,-0.5861098,0.0066822236,0.0066822236
07:00,-0.5861098,0.0002340244,0.0002340244
07:15,-0.5861098,0.0025552022,0.0025552022
07:30,-0.5861098,-0.0027773653,0.0027773653
07:45,-0.5861098,0.0068362,0.0068362
08:00,-0.5861098,0.0035623957,0.0035623957
08:15,-0.5861098,0.007745708,0.007745708
08:30,-0.5861098,-0.000947554,0.000947554
08:45,-0.5861098,-0.0029148376,0.0029148376
09:00,-0.5861098,0.0063848267,0.0063848267
09:15,-0.5877719,0.0010074272,0.0010074272
09:30,-0.60771686,-0.0025805933,0.0025805933
09:45,-0.60011876,0.0012839999,0.0012839999
10:00,-0.60771686,0.0028491835,0.0028491835
10:15,-0.5823108,0.0035244355,0.0035244355
10:30,-0.60771686,0.002571959,0.002571959
10:45,-0.56307817,0.001816944,0.001816944
11:00,-0.24514626,0.0005318508,0.0005318508
11:15,-0.58278567,-0.002644737,0.002644737
11:30,2.433887,0.0007410009,0.0007410009
11:45,1.8369634,0.0034157326,0.0034157326
12:00,1.193264,0.0029174942,0.0029174942
12:15,1.672655,-0.0009046886,0.0009046886
12:30,0.81027365,0.00028743595,0.00028743595
12:45,1.599761,0.0030906524,0.0030906524
13:00,2.216867,0.00018581787,0.00018581787
13:15,1.5665195,0.0006827777,0.0006827777
13:30,0.103415385,0.0002819204,0.0002819204
13:45,1.0389283,0.0006333607,0.0006333607
14:00,1.434028,0.0036644957,0.0036644957
14:15,0.8233328,0.00070341665,0.00070341665
14:30,1.5546476,0.004916077,0.004916077
14:45,0.8185841,0.0009999835,0.0009999835
15:00,1.7346269,0.0004406965,0.0004406965
15:15,0.907624,-0.0009855585,0.0009855585
15:30,-0.31186685,4.454264e-05,4.454264e-05
15:45,1.5195063,0.0023725538,0.0023725538
16:00,3.7117884,0.01764769,0.01764769
16:15,1.7270287,0.0019809736,0.0019809736
16:30,-0.31234172,0.0011203586,0.0011203586
16:45,-0.36481595,0.0003208472,0.0003208472
17:00,0.40567622,0.00016548586,0.00016548586
17:15,2.1852877,0.0154461535,0.0154461535
17:30,-0.3467705,-0.0005073835,0.0005073835
17:45,-0.5443204,-0.00096041523,0.00096041523
18:00,-0.54360807,-0.00727127,0.00727127
18:15,-0.56616485,-0.0016987814,0.0016987814
18:30,0.07943395,0.0005169701,0.0005169701
18:45,0.3114127,0.0016362088,0.0016362088
19:00,-0.35413113,-0.003923051,0.003923051
19:15,0.44770312,0.0061687264,0.0061687264
19:30,-0.28076223,-0.002043575,0.002043575
19:45,-0.5571422,0.0016565667,0.0016565667
20:00,0.22925846,-0.0004114758,0.0004114758
20:15,-0.104107045,-0.00105415,0.00105415
20:30,0.20646426,0.003342967,0.003342967
20:45,0.16491228,0.0015351212,0.0015351212
21:00,0.25727636,0.00094664865,0.00094664865
21:15,-0.03406228,-1.0388928e-05,1.0388928e-05
21:30,-0.17771338,-0.000790448,0.000790448
21:45,1.2338662,0.01750866,0.01750866
22:00,3.3432817,0.011900701,0.011900701
22:15,0.19387993,0.0010083976,0.0010083976
22:30,-0.35555577,-0.001885837,0.001885837
22:45,-0.0015330367,2.6267703e-06,2.6267703e-06
23:00,-0.3218393,0.0016411374,0.0016411374
23:15,-0.60771686,0.0018931086,0.0018931086
23:30,-0.5723383,-0.0011401281,0.0011401281
23:45,-0.60771686,0.0012089284,0.0012089284
