minute,absolute_importance
165,0.0012175989
153,0.0012116681
201,0.0012100145
229,0.001196825
217,0.001192555
209,0.0011903369
309,0.001186332
233,0.0011741905
61,0.0011729645
101,0.00117222
297,0.001170882
133,0.0011701748
77,0.0011688309
129,0.0011679834
237,0.0011663382
161,0.0011650422
157,0.0011647369
333,0.001162757
113,0.0011625071
301,0.0011622407
1081,0.0011618922
169,0.0011615767
149,0.0011612166
261,0.001160868
89,0.0011607666
177,0.0011586433
141,0.001158089
281,0.0011554003
73,0.0011539457
97,0.001149057
81,0.0011479998
109,0.0011469565
53,0.0011467126
221,0.0011462023
245,0.0011458147
289,0.0011455185
85,0.0011452674
205,0.0011443254
181,0.00114414
93,0.0011437917
293,0.0011436385
321,0.0011435506
189,0.0011428457
663,0.0011424889
105,0.0011408392
125,0.0011405998
317,0.0011403407
121,0.0011395782
193,0.0011392647
69,0.0011387605
269,0.0011372957
253,0.0011365945
341,0.0011364939
305,0.0011354006
249,0.0011326292
347,0.0011316624
365,0.0011316536
911,0.0011307155
225,0.0011302654
57,0.0011287042
285,0.0011286804
257,0.0011278207
265,0.0011276526
173,0.0011271773
337,0.0011255913
137,0.0011253436
1401,0.0011252
45,0.0011237855
273,0.0011215301
1273,0.0011210445
241,0.0011204805
303,0.0011201005
389,0.0011185813
167,0.0011185334
329,0.0011176472
143,0.001117616
33,0.0011168577
345,0.0011168104
1353,0.0011166794
29,0.0011160077
1426,0.0011154567
49,0.0011140286
13,0.0011121022
313,0.0011111638
166,0.0011109026
311,0.0011104743
226,0.0011096183
339,0.0011095284
154,0.0011084541
255,0.001107718
213,0.0011072368
254,0.0011069153
182,0.0011059107
235,0.001105706
163,0.0011041822
286,0.0011023511
291,0.0011017548
373,0.0011015094
259,0.0011008764
277,0.0010998258
262,0.0010979208
275,0.001097883
203,0.0010978241
117,0.0010977874
215,0.0010966059
17,0.001096334
302,0.0010958909
197,0.0010950575
127,0.0010944736
726,0.0010944587
449,0.0010942054
41,0.001093797
162,0.0010931721
325,0.0010931701
279,0.0010925166
306,0.0010922657
282,0.0010917989
65,0.0010910452
299,0.0010908562
227,0.0010905889
298,0.0010899934
190,0.0010899225
159,0.0010890411
202,0.0010885438
145,0.0010882665
287,0.0010880419
170,0.0010878602
1425,0.0010874483
243,0.0010864413
114,0.0010857102
151,0.0010851354
239,0.0010850559
315,0.0010846099
1009,0.0010845655
323,0.001083375
210,0.0010832107
271,0.0010820348
437,0.00108199
90,0.0010817463
295,0.0010817371
263,0.001081132
25,0.0010810497
307,0.0010806939
1405,0.001080185
102,0.0010801847
75,0.0010797688
122,0.0010787618
130,0.0010780623
37,0.0010777712
185,0.0010777335
283,0.0010777033
219,0.0010772268
14,0.0010771857
250,0.0010770917
349,0.0010754452
19,0.0010754088
218,0.001075406
207,0.0010749251
106,0.0010741786
1049,0.0010735054
310,0.0010723158
290,0.001072174
1429,0.0010720412
67,0.0010718937
1037,0.001071863
147,0.001071292
211,0.0010711272
198,0.0010711212
453,0.0010709766
1117,0.0010709618
21,0.0010709049
266,0.0010691409
247,0.0010686413
905,0.001068638
7,0.0010684433
183,0.001067966
393,0.001067861
1063,0.0010677571
139,0.0010676305
78,0.00106745
171,0.0010669738
1377,0.0010668603
94,0.0010665795
223,0.0010662089
361,0.0010661009
119,0.0010655229
95,0.001065488
1381,0.0010651952
477,0.0010651625
74,0.0010649982
331,0.0010647954
270,0.0010645121
242,0.0010642377
195,0.0010640388
98,0.0010638869
107,0.0010637561
267,0.0010636108
353,0.0010631807
294,0.0010626167
1229,0.0010625105
351,0.0010622859
318,0.0010621184
327,0.0010608952
357,0.0010604023
134,0.0010600017
126,0.0010596281
322,0.0010592365
363,0.0010590974
43,0.0010590545
314,0.0010589552
231,0.0010589169
63,0.0010586889
194,0.0010580901
135,0.001057808
335,0.0010575665
59,0.0010574424
146,0.0010565713
343,0.0010563302
158,0.001055766
1085,0.001055754
1093,0.0010554895
178,0.0010554545
369,0.0010554472
1176,0.0010551887
199,0.0010547251
258,0.001054012
62,0.0010531755
359,0.0010529704
54,0.0010528255
230,0.0010525453
118,0.0010518634
138,0.001051777
222,0.0010516978
87,0.001051673
1369,0.001051645
83,0.001051633
429,0.0010507675
1321,0.0010507462
175,0.0010502263
1001,0.0010499074
214,0.0010493346
246,0.0010493253
110,0.0010486832
234,0.0010483266
391,0.0010479591
39,0.0010477187
131,0.0010475711
111,0.0010473501
1065,0.0010471754
79,0.0010470629
831,0.0010468727
22,0.0010464373
191,0.0010462414
66,0.0010458573
338,0.0010453954
274,0.0010452883
407,0.0010452248
42,0.0010451677
238,0.00104364
155,0.0010434916
278,0.0010427315
179,0.0010426518
1089,0.0010424103
46,0.0010423169
99,0.0010417795
833,0.0010416431
1427,0.0010411259
445,0.0010410551
433,0.0010401232
409,0.0010397391
821,0.0010381235
411,0.001037823
1407,0.0010376563
26,0.0010375262
1421,0.0010373242
91,0.0010371732
174,0.0010370275
381,0.0010368713
142,0.0010364405
150,0.0010362583
421,0.0010357851
1022,0.001035615
51,0.0010354869
1354,0.0010354421
1029,0.0010351834
1053,0.0010350487
377,0.0010348904
1277,0.0010343939
355,0.0010343686
103,0.0010338809
186,0.001033834
71,0.0010324554
82,0.001032144
319,0.0010321161
1061,0.0010318478
673,0.001031175
443,0.0010302463
431,0.0010300931
47,0.0010291352
1050,0.001028471
123,0.0010271205
9,0.001026985
427,0.001026818
1389,0.0010264479
439,0.0010260736
86,0.001026046
851,0.0010254704
31,0.0010254139
8,0.0010252858
38,0.0010252158
1157,0.0010250506
1069,0.0010246038
1077,0.0010245406
387,0.0010242938
326,0.0010237212
1213,0.0010234438
27,0.001022701
1414,0.0010225571
366,0.0010222582
187,0.0010219726
251,0.0010219298
1047,0.0010212987
728,0.0010211221
603,0.0010206129
1045,0.0010201429
1041,0.0010199717
1201,0.0010199462
70,0.0010196485
461,0.0010191691
1094,0.0010191447
1082,0.0010187749
425,0.0010172459
115,0.001017134
1102,0.0010170739
1105,0.0010165656
413,0.0010163953
15,0.0010162066
58,0.0010160826
471,0.0010159691
23,0.0010155789
1113,0.0010153177
1209,0.0010153126
1257,0.0010151177
1417,0.0010150439
1397,0.0010146662
1173,0.0010134047
1141,0.0010131332
441,0.0010128212
206,0.0010126425
465,0.0010119918
1125,0.0010117199
417,0.0010116571
1025,0.0010115359
1074,0.0010115294
485,0.0010114087
55,0.0010111013
383,0.0010110763
1058,0.0010103149
1409,0.0010101005
1390,0.0010100184
743,0.0010091309
16,0.0010088492
737,0.0010088101
447,0.0010084489
405,0.0010081809
915,0.0010081714
717,0.0010080853
346,0.0010080765
1413,0.0010079796
1114,0.0010079715
1169,0.0010074922
30,0.0010071729
1245,0.0010070495
1315,0.0010061976
879,0.0010060461
1097,0.0010059648
11,0.0010056789
1361,0.0010055968
430,0.0010055958
1329,0.0010054263
334,0.0010048832
379,0.0010047101
829,0.0010042272
1422,0.0010041608
787,0.0010041527
435,0.0010035628
965,0.0010030548
330,0.0010027771
1406,0.0010026038
403,0.001002451
1091,0.0010024194
354,0.0010022403
1357,0.0010021855
1073,0.0010016209
399,0.0010013893
924,0.0010013181
342,0.0010003573
1109,0.0010002932
901,0.0010001565
781,0.0009999276
410,0.0009993267
509,0.0009986445
34,0.0009984394
1059,0.0009983996
367,0.0009974787
401,0.0009966376
397,0.0009963389
473,0.0009959544
825,0.0009959314
1430,0.0009954902
1317,0.000995144
1079,0.0009950197
1365,0.000994888
1368,0.0009944479
415,0.000994416
455,0.0009933228
423,0.00099263
1385,0.000992388
665,0.0009923355
718,0.000992005
481,0.000991846
959,0.0009909973
1101,0.0009908276
1155,0.0009905559
1386,0.0009904898
451,0.0009903706
469,0.0009902827
1002,0.0009896335
1261,0.0009893446
1129,0.0009893101
1062,0.0009892078
991,0.000988981
921,0.0009889223
957,0.0009887504
889,0.0009887491
1395,0.0009886824
1042,0.0009885945
505,0.000988376
719,0.0009883238
1154,0.0009882683
1402,0.0009873604
385,0.0009873598
683,0.0009873444
1153,0.000986939
1349,0.0009868562
1345,0.0009866721
1179,0.000986452
486,0.0009859565
375,0.0009857089
1285,0.0009854446
605,0.0009853803
809,0.0009850642
1175,0.0009849644
370,0.000984896
649,0.0009843796
35,0.0009843239
993,0.0009819256
1110,0.0009818856
457,0.0009816411
961,0.000981009
869,0.0009808738
681,0.0009808278
50,0.0009805223
793,0.0009804573
1244,0.0009800836
1382,0.0009788997
422,0.0009782799
633,0.0009782112
1242,0.0009779943
1054,0.0009774978
1057,0.0009773509
867,0.0009770615
1297,0.0009769525
1373,0.000976206
1214,0.0009756109
489,0.0009744993
1379,0.0009743617
722,0.00097373256
1198,0.00097347616
1070,0.00097254344
1393,0.00097241125
1371,0.00097227236
1378,0.0009713392
1051,0.0009710676
729,0.000970993
12,0.0009709545
947,0.00097071065
1305,0.00097052526
1281,0.00097049854
1013,0.00096999214
371,0.0009694638
1265,0.0009692316
1006,0.0009683283
909,0.0009683233
1325,0.00096694875
446,0.00096669904
1333,0.00096669735
759,0.0009663989
1374,0.0009662086
527,0.0009660378
497,0.0009660158
1017,0.0009658987
727,0.0009658893
1103,0.00096540205
1301,0.0009653722
1145,0.0009648975
1241,0.00096458325
635,0.0009645632
1106,0.00096423767
1399,0.00096409343
479,0.00096386514
949,0.00096386287
395,0.0009632686
1410,0.00096279476
1250,0.00096273876
340,0.00096271356
419,0.00096261443
1034,0.0009623415
1415,0.00096220814
1178,0.000961454
517,0.00096116675
955,0.0009610255
1021,0.00096101355
1090,0.0009607158
394,0.00096052454
390,0.0009602069
1322,0.000960103
1048,0.0009601007
639,0.0009596657
964,0.00095956586
977,0.00095892895
844,0.00095877686
493,0.0009586949
912,0.00095853594
1092,0.00095797906
1087,0.0009579755
1121,0.0009578543
382,0.00095777307
1005,0.0009575706
350,0.00095719064
1038,0.00095700816
1122,0.0009569575
1071,0.0009566409
723,0.000955739
969,0.00095445727
1239,0.0009541743
5,0.0009539085
902,0.0009536807
1225,0.00095296034
941,0.00095279416
670,0.0009527761
1046,0.000952673
18,0.00095258624
1279,0.00095246785
374,0.00095218094
973,0.00095171924
1355,0.00095168245
1133,0.00095114106
884,0.00095087365
1193,0.0009506023
913,0.0009504676
466,0.00095021084
926,0.0009500424
757,0.0009498837
1293,0.0009496936
953,0.00094924006
1383,0.00094895466
1290,0.0009487368
529,0.0009482246
1078,0.00094809156
903,0.00094689033
744,0.0009465825
1035,0.0009463158
358,0.0009461997
1137,0.00094602205
1418,0.00094587513
1363,0.0009456474
1115,0.0009455898
426,0.0009455837
1266,0.0009455233
386,0.000945197
475,0.0009449471
634,0.00094460836
609,0.0009444692
857,0.0009444374
308,0.0009443856
958,0.00094425585
629,0.0009439361
1197,0.00094379176
533,0.0009434612
288,0.0009433081
1003,0.0009432156
834,0.0009431814
1219,0.0009426766
256,0.0009425438
1086,0.0009422273
1352,0.0009419973
1043,0.0009408479
80,0.0009406805
847,0.00094066083
1341,0.00094064145
535,0.0009405856
1233,0.0009405834
979,0.00094057294
491,0.00094056764
1350,0.0009404539
1337,0.0009402999
495,0.00094029715
519,0.00094021
1398,0.0009400796
970,0.00094001286
765,0.00093998254
1177,0.000939954
1282,0.00093973917
1210,0.0009394022
997,0.0009391437
76,0.0009390579
1342,0.0009388463
531,0.00093880435
1165,0.0009387201
541,0.0009384279
434,0.0009384205
799,0.00093804335
967,0.0009378683
715,0.00093752926
1289,0.0009374975
989,0.00093739596
1419,0.000937367
507,0.0009372257
999,0.00093721546
511,0.0009371185
1362,0.00093692803
1142,0.00093686156
467,0.0009365275
917,0.00093652523
1011,0.0009357192
1199,0.00093561865
841,0.0009352134
861,0.0009350566
956,0.00093465694
450,0.0009345612
741,0.00093451707
945,0.0009337764
1161,0.000933596
224,0.0009334435
900,0.00093334005
40,0.00093310437
32,0.00093308947
785,0.0009329962
1259,0.0009326479
631,0.0009323872
843,0.0009321094
523,0.0009319606
501,0.00093175366
440,0.0009312594
483,0.00093120575
168,0.0009308614
721,0.0009303267
877,0.000930114
805,0.00092994916
1104,0.0009298105
929,0.0009297326
1066,0.0009296282
1203,0.00092948496
260,0.0009291956
628,0.00092914473
1039,0.0009291193
927,0.0009290403
1358,0.0009288111
1138,0.00092843187
563,0.00092812884
1202,0.00092778454
599,0.0009275965
1055,0.0009270659
6,0.0009269447
817,0.0009268538
228,0.0009262656
747,0.0009258668
60,0.0009254097
865,0.0009253425
855,0.0009252535
1118,0.0009251758
1249,0.0009250489
1346,0.0009247612
881,0.00092471205
853,0.0009246396
716,0.0009242518
1394,0.00092399004
986,0.0009239845
559,0.00092353293
1205,0.0009234343
998,0.0009230931
1243,0.00092307513
487,0.0009230293
378,0.0009229663
1423,0.00092283706
1119,0.00092279556
557,0.00092266774
837,0.00092236197
1366,0.0009222608
164,0.00092202716
52,0.00092181464
1033,0.00092139235
794,0.0009211124
1309,0.0009210374
577,0.000920875
280,0.0009206933
990,0.0009206633
160,0.0009206128
312,0.00092041015
525,0.0009199132
362,0.00091982435
948,0.00091944
819,0.00091942714
960,0.00091942283
402,0.00091903197
442,0.00091877294
1387,0.00091851025
749,0.0009184737
459,0.00091833854
1000,0.0009180027
1338,0.0009179873
1334,0.0009175528
1318,0.00091752526
1083,0.0009174697
144,0.0009173832
1370,0.00091736537
1351,0.00091734726
1014,0.00091725495
897,0.00091722584
935,0.0009170016
1067,0.00091668003
88,0.0009166626
985,0.0009165958
763,0.00091654377
344,0.0009163714
1380,0.000916026
1335,0.0009160092
751,0.0009159258
845,0.0009156851
1391,0.0009154849
1156,0.0009154759
824,0.0009153388
795,0.000915298
438,0.0009149945
1217,0.0009145322
1158,0.0009144389
1221,0.00091418915
954,0.0009141683
778,0.00091391016
296,0.0009135713
650,0.0009134182
1098,0.00091339496
1258,0.00091297564
573,0.0009126565
1185,0.0009126064
96,0.00091249414
1027,0.000912435
1015,0.0009121727
1075,0.00091195083
664,0.00091192854
849,0.00091180153
1007,0.0009116544
1111,0.0009113855
24,0.00091123424
128,0.0009110723
966,0.000911035
830,0.00091100554
891,0.00091089495
894,0.0009108888
791,0.0009107473
655,0.0009107243
713,0.0009103212
779,0.0009102366
1319,0.00090947055
336,0.0009094686
1143,0.0009093985
300,0.00090926565
1226,0.00090869213
1149,0.0009085115
801,0.00090851076
925,0.00090810814
1403,0.00090795825
1023,0.0009078239
268,0.00090739416
914,0.00090737606
753,0.00090731645
699,0.00090728106
454,0.000907257
571,0.00090716855
10,0.000907153
1134,0.0009070555
807,0.00090704346
938,0.0009069239
1174,0.0009069179
1168,0.00090670097
707,0.0009066637
1191,0.0009062851
1100,0.00090580725
1095,0.0009057206
414,0.0009055938
463,0.0009054901
1331,0.0009052711
264,0.0009052525
850,0.0009050142
745,0.0009048105
697,0.0009046914
196,0.00090442994
777,0.00090430677
1183,0.0009042309
659,0.00090402056
412,0.0009035424
1235,0.0009034617
651,0.0009032922
982,0.0009032731
1150,0.00090313656
782,0.0009028577
1274,0.00090284745
677,0.00090277666
1026,0.0009026439
1181,0.000902316
1330,0.00090180006
1237,0.0009017793
574,0.00090176234
1310,0.00090175477
244,0.00090171536
871,0.00090162456
1018,0.000901315
1084,0.0009012601
68,0.00090113387
1294,0.00090105436
510,0.00090088136
613,0.0009003569
212,0.0009002695
216,0.00090022094
1431,0.00090019935
1189,0.00090014376
978,0.0008999878
565,0.0008999107
304,0.0008996942
870,0.00089955213
1302,0.00089918316
1099,0.00089908444
28,0.0008987476
758,0.0008986978
859,0.00089865626
922,0.0008985242
974,0.0008984243
1247,0.0008984154
653,0.0008983234
508,0.000897859
284,0.00089778233
658,0.00089733157
192,0.00089717103
946,0.00089705456
48,0.00089702103
56,0.00089692534
116,0.00089670456
513,0.000896607
1375,0.00089640485
733,0.00089623005
332,0.0008961912
1146,0.0008960958
866,0.0008960861
698,0.0008960659
1384,0.00089590193
172,0.0008958355
436,0.0008954705
448,0.00089537154
1433,0.000895301
643,0.0008948625
432,0.0008945311
1167,0.0008944747
701,0.0008944404
1313,0.000894429
1347,0.0008943715
1126,0.000894218
1019,0.0008938747
136,0.00089382794
695,0.0008936474
188,0.0008933777
589,0.0008932766
324,0.0008932153
1222,0.0008928867
232,0.0008928569
499,0.00089246745
1107,0.0008924311
406,0.00089238107
328,0.00089237903
220,0.00089168275
620,0.00089159893
140,0.00089139934
738,0.00089103583
372,0.0008910234
549,0.0008906145
494,0.000890563
1253,0.0008905504
152,0.0008905476
204,0.00089054415
1411,0.0008900836
810,0.00088994
1286,0.0008898693
1060,0.00088920613
545,0.000889107
428,0.0008888249
400,0.0008887022
124,0.0008885016
1298,0.0008883259
711,0.0008882892
398,0.00088762713
1267,0.0008876056
1030,0.00088757626
1080,0.0008874843
868,0.00088737917
1343,0.0008864024
316,0.00088632666
748,0.00088606746
669,0.0008859737
657,0.0008859041
551,0.00088568416
108,0.000885505
918,0.0008852193
637,0.0008852189
883,0.00088512327
962,0.0008849811
587,0.00088496896
1162,0.00088458706
1195,0.00088448287
923,0.00088446034
828,0.0008844543
1204,0.0008842801
971,0.00088411756
943,0.00088408124
1218,0.0008838067
156,0.0008837629
1275,0.00088348176
470,0.00088335224
120,0.0008831961
693,0.0008830842
1295,0.0008830469
930,0.00088275265
975,0.00088263483
1428,0.00088255375
647,0.00088252063
1186,0.0008823723
873,0.00088194915
514,0.0008818827
632,0.00088176917
775,0.00088152476
621,0.00088134257
1320,0.00088117673
786,0.0008811426
1269,0.00088089186
920,0.0008808338
458,0.00088074326
248,0.0008807027
462,0.00088051375
1190,0.0008805113
208,0.0008803439
1359,0.0008802648
1163,0.0008800903
746,0.0008791894
543,0.0008791
1326,0.0008789938
981,0.0008789354
1307,0.0008785658
950,0.0008785271
1306,0.0008783217
919,0.0008782502
937,0.0008779669
839,0.00087766553
797,0.00087744725
502,0.0008773468
503,0.00087699626
292,0.00087692804
952,0.00087692606
1278,0.0008768882
575,0.0008765325
1238,0.00087628484
641,0.00087624585
474,0.0008761957
764,0.00087619247
661,0.0008760718
272,0.0008760487
1068,0.0008759892
1139,0.00087592576
899,0.00087583385
1072,0.0008753776
1339,0.00087503286
583,0.0008747444
854,0.0008747134
740,0.0008746533
725,0.00087456044
1311,0.0008745068
734,0.0008744279
1268,0.0008741216
360,0.0008740623
84,0.0008738847
1432,0.00087379804
893,0.00087378616
675,0.0008736628
887,0.0008736346
1215,0.0008732796
1400,0.0008730941
654,0.0008730374
1211,0.00087268895
452,0.00087262556
92,0.00087258685
742,0.00087243493
864,0.00087238284
561,0.00087216013
20,0.0008719913
1246,0.00087192847
803,0.00087181706
1262,0.00087172363
1303,0.0008717205
1263,0.0008716954
1127,0.0008713603
1064,0.00087124587
838,0.0008711776
606,0.00087099924
1248,0.0008706822
1412,0.0008706365
276,0.0008705647
184,0.0008701991
521,0.00087011507
36,0.0008700416
352,0.00087001343
1120,0.0008699502
904,0.000869452
547,0.0008694511
709,0.000869298
490,0.0008691799
1316,0.00086911215
200,0.00086904166
933,0.0008689553
555,0.0008688752
1231,0.0008688568
767,0.00086867233
1283,0.0008684497
348,0.00086832885
1170,0.00086831214
478,0.00086830644
64,0.00086825277
645,0.0008681239
44,0.0008680998
539,0.00086807203
1182,0.00086794957
617,0.0008678631
625,0.00086779956
320,0.0008676763
762,0.0008674352
581,0.0008672932
579,0.00086704723
416,0.000866965
963,0.00086679566
420,0.000865922
951,0.0008658619
526,0.000865502
537,0.00086499203
671,0.0008648504
1372,0.00086433557
1194,0.00086402445
790,0.000863613
1171,0.00086355844
678,0.0008635319
1367,0.0008632665
811,0.00086320937
784,0.0008632064
735,0.00086318085
705,0.00086318015
148,0.0008631119
530,0.00086296647
460,0.0008629435
820,0.0008628203
691,0.00086262746
1230,0.00086243794
578,0.00086242723
1206,0.00086212874
392,0.0008617167
1130,0.0008613879
642,0.00086108764
1396,0.00086024066
789,0.0008600881
720,0.00086003024
687,0.00085977156
1416,0.0008596702
766,0.0008594847
1314,0.0008589763
754,0.0008588566
885,0.0008588415
1088,0.00085871824
500,0.0008586244
983,0.0008586119
886,0.0008585405
112,0.00085832155
808,0.00085817085
569,0.000858157
739,0.0008580901
694,0.0008580581
364,0.00085783756
840,0.00085738197
498,0.00085704325
1147,0.00085694256
585,0.0008569393
994,0.0008564365
534,0.0008562251
939,0.0008561302
607,0.000856101
916,0.0008560908
1135,0.00085564476
1304,0.0008555653
1323,0.00085552485
1271,0.00085547817
100,0.00085474533
1292,0.0008547085
798,0.0008545631
1287,0.00085436756
1187,0.0008537677
770,0.0008537651
380,0.0008536852
1270,0.00085364317
882,0.0008534574
1299,0.00085322105
1196,0.00085318804
567,0.0008528029
252,0.0008522972
614,0.0008522341
515,0.000852086
132,0.0008520277
1159,0.0008517434
750,0.00085146807
1151,0.0008514409
761,0.00085107377
480,0.000851005
1131,0.00085068453
700,0.0008500667
1234,0.00084982906
712,0.0008498055
688,0.00084945385
679,0.0008491572
1010,0.0008489069
1200,0.00084876636
910,0.00084853405
418,0.0008485114
852,0.0008484115
506,0.000848377
696,0.00084834953
538,0.0008482905
542,0.00084808265
1008,0.00084804016
710,0.00084789324
586,0.00084778963
615,0.00084773166
566,0.0008467651
674,0.0008467617
368,0.00084671285
104,0.00084571517
1348,0.0008451248
1052,0.0008450367
806,0.00084500964
776,0.00084495
1360,0.00084486423
1207,0.0008446337
630,0.0008444938
1136,0.00084446586
685,0.0008443436
848,0.0008443034
686,0.0008439534
619,0.0008439332
860,0.0008438941
524,0.00084351085
898,0.0008434749
1016,0.0008434128
72,0.0008433837
595,0.0008433656
648,0.0008432182
1296,0.0008430014
689,0.00084277557
682,0.00084273505
404,0.0008426014
384,0.00084235857
823,0.0008417657
880,0.0008416437
1220,0.0008413543
516,0.0008410796
931,0.00084088696
1227,0.00084073935
1327,0.0008394636
176,0.00083926757
942,0.0008389845
627,0.00083897647
890,0.0008380602
878,0.00083804515
814,0.00083785807
656,0.0008378113
553,0.000837446
512,0.00083725137
714,0.0008372322
1376,0.0008371679
1208,0.0008368106
444,0.00083670486
934,0.0008366167
597,0.00083646877
928,0.0008364355
1128,0.00083618605
180,0.00083603396
1284,0.00083598477
1420,0.0008358824
862,0.00083579565
1364,0.0008357169
907,0.00083489745
706,0.000834078
906,0.0008337804
623,0.00083336496
622,0.0008333621
593,0.000832894
736,0.0008326723
1280,0.00083253754
1272,0.0008321458
936,0.0008321339
908,0.00083156256
1308,0.0008313044
760,0.0008312422
1408,0.00083113817
611,0.0008302771
846,0.0008302399
1166,0.0008301863
755,0.00083013147
662,0.0008300577
1180,0.00082993676
590,0.00082992093
532,0.00082983915
1424,0.0008298367
968,0.0008297859
1276,0.0008292595
1291,0.0008291754
652,0.00082860887
596,0.00082854985
356,0.00082792505
703,0.00082738436
827,0.0008272552
1108,0.00082701235
1192,0.0008268372
995,0.0008264823
408,0.00082611147
608,0.00082607823
804,0.00082600856
562,0.0008259391
771,0.0008257671
376,0.0008257452
863,0.00082537363
396,0.0008253174
424,0.00082505756
816,0.00082494784
826,0.0008242163
1336,0.00082363037
550,0.0008234524
768,0.00082343956
1255,0.0008229635
1388,0.00082203886
1172,0.00082179176
484,0.00082177896
876,0.0008217296
1404,0.0008212306
872,0.0008209311
773,0.00082033715
488,0.00082010723
591,0.0008200731
667,0.0008199599
522,0.0008199452
702,0.0008197321
240,0.0008196905
984,0.000819386
236,0.0008193786
388,0.00081921276
618,0.0008191948
818,0.0008189389
783,0.0008189339
813,0.0008187697
1216,0.00081855524
1223,0.0008177804
1356,0.0008175101
1112,0.00081705576
646,0.00081667723
1028,0.00081661594
601,0.0008161299
1096,0.0008161216
558,0.00081592414
482,0.0008154301
1184,0.0008151687
874,0.0008147018
835,0.0008139238
666,0.00081360055
638,0.00081352354
1144,0.00081345154
690,0.00081341463
1344,0.0008134116
980,0.0008129456
992,0.00081220997
940,0.0008107948
476,0.00080977246
1004,0.0008097277
1044,0.0008093506
616,0.000809336
1076,0.0008092259
594,0.0008084648
895,0.00080830016
788,0.0008076769
1188,0.0008075669
832,0.000807527
842,0.00080719864
468,0.0008063633
636,0.00080572476
780,0.0008056579
680,0.0008056163
976,0.0008054424
1031,0.00080534565
1123,0.00080476986
1020,0.0008044075
1012,0.00080439314
812,0.0008040367
1116,0.00080403057
1240,0.00080401247
792,0.0008039563
730,0.00080393907
1254,0.00080346287
518,0.00080319523
1148,0.00080309657
796,0.00080298714
1212,0.0008027323
774,0.00080244173
800,0.00080133975
504,0.00080103613
815,0.0008006753
987,0.00080055854
752,0.0008002856
528,0.00080027885
1260,0.00080007734
1332,0.0007999099
692,0.0007995389
858,0.0007994641
888,0.00079849653
1251,0.00079767
612,0.0007949116
576,0.000794297
996,0.00079341314
1236,0.0007927815
724,0.00079246185
564,0.00079189934
896,0.000791314
704,0.0007909092
456,0.0007906749
464,0.0007905761
944,0.0007903944
822,0.0007899795
1340,0.00078938383
560,0.000787893
544,0.0007873902
1252,0.00078700634
572,0.00078621163
1232,0.00078596507
1040,0.0007859478
668,0.00078537717
1256,0.000785281
875,0.000783782
1140,0.00078354887
520,0.00078310486
1288,0.00078217813
602,0.00078206224
708,0.00078180025
584,0.0007813716
1324,0.0007806299
598,0.0007804681
472,0.00077951915
1036,0.000779037
604,0.000778755
988,0.0007786483
640,0.0007778065
1312,0.0007770639
588,0.0007769596
1164,0.0007760323
660,0.0007755211
1032,0.0007748404
600,0.00077445386
856,0.0007738946
676,0.00077364227
769,0.0007729966
1056,0.00077263016
540,0.0007720538
1152,0.0007715465
546,0.0007714025
1160,0.0007703199
1264,0.0007700583
626,0.0007686313
892,0.0007685997
932,0.00076844427
836,0.0007658488
1392,0.00076524966
732,0.0007645006
972,0.00076419004
644,0.00076391833
610,0.00076377735
1328,0.00076343864
756,0.0007619138
684,0.0007618621
672,0.0007609395
554,0.0007606367
496,0.00075716415
570,0.00075632887
1132,0.0007532857
802,0.0007531728
1024,0.0007510289
731,0.00075098616
568,0.0007505998
1124,0.00075046526
556,0.00075040455
592,0.0007483183
552,0.0007465954
492,0.0007447716
582,0.00074383046
1300,0.00073529314
580,0.0007304938
1434,0.00072978257
1224,0.0007267541
1228,0.00072266354
624,0.000717934
772,0.0007135303
548,0.00071046775
1435,0.0006936115
536,0.00066493644
3,0.0006386389
1437,0.0006172683
4,0.00060664775
1436,0.0005667653
2,0.00056292786
1439,0.00050547754
0,0.0004658704
1,0.0004491823
1438,0.00036646565
