feature,mean_abs_shap
std_activity,0.41735638738880904
lz_complexity,0.3684941711296969
IS,0.3473256278388777
IV,0.31914096936132297
max_activity,0.2804824727129448
day_night_ratio,0.2440020732244932
RA,0.20995797185363163
night_activity,0.19159560063949568
zero_crossings,0.14754260639640682
morning_activity,0.1358819070610987
active_minutes,0.11684941595637137
sample_entropy,0.11523494100896921
median_activity,0.11249916486579471
circ_regularity,0.08609767480941755
prop_inactive,0.08150029709787503
prop_active,0.06940139039622753
evening_activity,0.04482354121812204
mean_activity,0.04350657679996967
sleep_hours,0.03610093739489862
afternoon_activity,0.03582727799217709
entropy,0.026651506870269234
q75_activity,0.019433533742345032
day_activity,0.017248058185805406
n_days,0.011037073826936611
iqr_activity,0.0
q25_activity,0.0
night_activity,0.0
