subject_id,true_label,pred_label,p_healthy,p_depression,p_schizophrenia,fold
DEP_condition_1,1,2,0.06921418853928042,0.08741910558929036,0.8433667058714291,4
DEP_condition_10,1,0,0.9730411638487177,0.013068347928645457,0.013890488222636884,2
DEP_condition_11,1,1,0.32073456637749054,0.6023504838797428,0.07691494974276675,1
DEP_condition_12,1,1,0.1789637890443468,0.747409507459109,0.07362670349654435,2
DEP_condition_13,1,0,0.9013397662613529,0.06318782109170742,0.03547241264693959,4
DEP_condition_14,1,1,0.05667966075136495,0.8519333541150212,0.09138698513361375,3
DEP_condition_15,1,1,0.13442702069807724,0.5859097897307611,0.27966318957116154,1
DEP_condition_16,1,0,0.9645280981219472,0.018661986881949536,0.01680991499610329,3
DEP_condition_17,1,1,0.07442356501496723,0.7169035516537685,0.20867288333126421,2
DEP_condition_18,1,2,0.06245028589693721,0.08017853052790024,0.8573711835751625,1
DEP_condition_19,1,2,0.14770397142656383,0.3562258585164934,0.49607017005694276,3
DEP_condition_2,1,0,0.899437924415971,0.04257588072820218,0.05798619485582663,5
DEP_condition_20,1,2,0.0833380449623608,0.06149710779734214,0.8551648472402972,1
DEP_condition_21,1,1,0.10272073164124508,0.6787854364154735,0.21849383194328148,1
DEP_condition_22,1,1,0.0644631350825437,0.8405277485810014,0.09500911633645481,4
DEP_condition_23,1,0,0.970996759588604,0.016161321739787838,0.01284191867160821,4
DEP_condition_3,1,0,0.8947869045177634,0.07247591193336184,0.03273718354887481,5
DEP_condition_4,1,0,0.9089768698756049,0.043432578918081444,0.04759055120631378,5
DEP_condition_5,1,1,0.11795142028788347,0.8187240192326456,0.06332456047947091,2
DEP_condition_6,1,0,0.5182287154402253,0.40007374358199466,0.08169754097778008,3
DEP_condition_7,1,0,0.5982906459658107,0.32772526688861314,0.07398408714557617,3
DEP_condition_8,1,1,0.23036114834398555,0.7087900909222303,0.060848760733784,5
DEP_condition_9,1,1,0.3103360485857629,0.4204637747441129,0.2692001766701242,2
DEP_control_1,0,0,0.9755727032019333,0.012216930308041102,0.012210366490025415,3
DEP_control_10,0,0,0.9615433348631246,0.02063654614932341,0.017820118987551814,1
DEP_control_11,0,0,0.9320746198509668,0.0381423699347219,0.029783010214311314,2
DEP_control_12,0,0,0.9559291920796944,0.019932439857880582,0.024138368062425117,3
DEP_control_13,0,0,0.9134204779754058,0.044605125414053065,0.04197439661054117,2
DEP_control_14,0,0,0.9653423238594943,0.0188997072442661,0.015757968896239764,3
DEP_control_15,0,0,0.9618879797929587,0.021608803293766334,0.01650321691327519,1
DEP_control_16,0,0,0.9672710143339659,0.017267854175259768,0.015461131490774313,5
DEP_control_17,0,0,0.9649680452634003,0.019619033799506296,0.015412920937093382,1
DEP_control_18,0,0,0.5179050014405954,0.4132091281032365,0.06888587045616808,1
DEP_control_19,0,0,0.9706157729477889,0.015728679019590238,0.013655548032620937,4
DEP_control_2,0,0,0.9675665688861504,0.017101795738799663,0.015331635375049783,3
DEP_control_20,0,0,0.9658458454269729,0.01672068957545581,0.017433464997571063,3
DEP_control_21,0,0,0.9739553014650536,0.01371709995420227,0.012327598580744148,3
DEP_control_22,0,0,0.9656112780364338,0.018329440452860172,0.016059281510705983,3
DEP_control_23,0,0,0.9396340667643265,0.03676813338802535,0.023597799847648072,4
DEP_control_24,0,0,0.9644869278622329,0.018866985999795558,0.016646086137971573,2
DEP_control_25,0,0,0.9640096418960615,0.019692694076636073,0.01629766402730242,5
DEP_control_26,0,0,0.9665158740891789,0.01859648087445148,0.014887645036369605,5
DEP_control_27,0,0,0.7151470359321941,0.1348024807118114,0.15005048335599439,4
DEP_control_28,0,0,0.9521837892025073,0.02299788504746829,0.024818325750024326,1
DEP_control_29,0,0,0.973686270561215,0.013676064941966002,0.012637664496818897,5
DEP_control_3,0,0,0.970094352444753,0.014220823362746717,0.015684824192500252,1
DEP_control_30,0,0,0.6874559329490116,0.14339715350264326,0.16914691354834507,4
DEP_control_31,0,0,0.9777557990314351,0.011349498713415422,0.010894702255149491,3
DEP_control_32,0,0,0.9641690366269239,0.018636601872082027,0.017194361500994106,3
DEP_control_4,0,0,0.967345383813848,0.017796552479117954,0.014858063707033959,4
DEP_control_5,0,0,0.966936434748116,0.016107843594153272,0.016955721657730762,5
DEP_control_6,0,0,0.9765898019616955,0.011572752606363125,0.011837445431941538,2
DEP_control_7,0,0,0.9782298292023248,0.011636821394619305,0.010133349403055901,4
DEP_control_8,0,0,0.9344089958754666,0.03679719717486226,0.028793806949671222,5
DEP_control_9,0,0,0.9116966967256127,0.03858917014143187,0.04971413313295555,5
PSY_control_1,0,0,0.977360581636222,0.01119435408588669,0.011445064277891255,1
PSY_control_10,0,0,0.9592555473512242,0.021736061632675607,0.019008391016100298,5
PSY_control_11,0,0,0.9341119741492436,0.03937167642636129,0.02651634942439504,5
PSY_control_12,0,0,0.9443734765084164,0.023613090419165317,0.032013433072418114,2
PSY_control_13,0,0,0.886368519811521,0.06787306904394393,0.045758411144535154,1
PSY_control_14,0,0,0.969105360992128,0.015869690790340677,0.01502494821753156,2
PSY_control_15,0,0,0.9642147795017655,0.020940800204045564,0.014844420294189038,4
PSY_control_16,0,0,0.9651399291187073,0.018283532763499866,0.01657653811779279,2
PSY_control_17,0,0,0.9671090305111565,0.017498674796810554,0.015392294692032965,5
PSY_control_18,0,0,0.5179050014405954,0.4132091281032365,0.06888587045616808,1
PSY_control_19,0,0,0.9562784910959358,0.021189606433735415,0.022531902470328744,2
PSY_control_2,0,0,0.969063651151159,0.01738179521331743,0.013554553635523485,4
PSY_control_20,0,0,0.949744581533764,0.026330166576882478,0.023925251889353547,1
PSY_control_21,0,0,0.9702392913547155,0.014890477928172005,0.014870230717112463,2
PSY_control_22,0,0,0.9685031804908991,0.016757974781240467,0.014738844727860323,1
PSY_control_23,0,0,0.9477595557244471,0.029030089660868733,0.023210354614684306,3
PSY_control_24,0,0,0.9569783931153586,0.02456786441832161,0.018453742466319714,1
PSY_control_25,0,0,0.9640096418960615,0.019692694076636073,0.01629766402730242,5
PSY_control_26,0,0,0.9755580549894155,0.013366678742765696,0.011075266267818793,4
PSY_control_27,0,0,0.7151470359321941,0.1348024807118114,0.15005048335599439,4
PSY_control_28,0,0,0.9551280724433531,0.020793427092126334,0.02407850046452075,2
PSY_control_29,0,0,0.9739732666614784,0.0131910034451202,0.0128357298934014,2
PSY_control_3,0,0,0.9675019309637097,0.016412530718490432,0.016085538317799793,3
PSY_control_30,0,0,0.6874559329490116,0.14339715350264326,0.16914691354834507,4
PSY_control_31,0,0,0.9777557990314351,0.011349498713415422,0.010894702255149491,3
PSY_control_32,0,0,0.9691679331049986,0.016379599108360145,0.014452467786641153,4
PSY_control_4,0,0,0.958575539058397,0.02051086731502447,0.020913593626578596,2
PSY_control_5,0,0,0.9662727759538359,0.017788289917067202,0.015938934129096895,4
PSY_control_6,0,0,0.9765571497583393,0.011966604370012571,0.011476245871648123,5
PSY_control_7,0,0,0.9770965060113489,0.01135837971087297,0.011545114277778148,2
PSY_control_8,0,0,0.9344089958754666,0.03679719717486226,0.028793806949671222,5
PSY_control_9,0,0,0.9240515398442937,0.029208971678000028,0.04673948847770637,1
PSY_patient_1,2,1,0.23125180316336977,0.6670680017709835,0.10168019506564674,1
PSY_patient_10,2,2,0.052071745974769934,0.05114112443979236,0.8967871295854376,1
PSY_patient_11,2,2,0.08222455198108251,0.3083059326689907,0.6094695153499268,2
PSY_patient_12,2,2,0.0896899268061054,0.31238324416330504,0.5979268290305896,2
PSY_patient_13,2,0,0.6871438237911419,0.10838850059357395,0.20446767561528406,4
PSY_patient_14,2,2,0.1197989072542444,0.24952529825303635,0.6306757944927193,4
PSY_patient_15,2,2,0.10094649597999787,0.08986110690317721,0.8091923971168249,3
PSY_patient_16,2,2,0.04081022981906488,0.038310768205340635,0.9208790019755945,3
PSY_patient_17,2,0,0.8691268535888701,0.045905353531222284,0.0849677928799076,4
PSY_patient_18,2,2,0.04210399489468886,0.0347193792941514,0.9231766258111597,1
PSY_patient_19,2,2,0.04876590285966188,0.04085914160662129,0.9103749555337168,5
PSY_patient_2,2,1,0.08373309706789435,0.683040390520357,0.23322651241174863,5
PSY_patient_20,2,2,0.12011941542973627,0.14691425235714428,0.7329663322131195,3
PSY_patient_21,2,1,0.19825590146080305,0.40964599299063315,0.39209810554856384,4
PSY_patient_22,2,0,0.4491781541474369,0.11186629585226283,0.43895555000030034,2
PSY_patient_3,2,0,0.6494275720863657,0.1173360184444701,0.23323640946916413,5
PSY_patient_4,2,2,0.05085418718200722,0.07016355141208942,0.8789822614059033,2
PSY_patient_5,2,2,0.04672460088021221,0.04529996592578679,0.9079754331940011,1
PSY_patient_6,2,2,0.052674778647848274,0.07191519228235414,0.8754100290697976,5
PSY_patient_7,2,2,0.1344712441351239,0.06258797275358391,0.8029407831112922,4
PSY_patient_8,2,2,0.25113565586936576,0.11062136907449517,0.6382429750561391,3
PSY_patient_9,2,2,0.10746656032157931,0.058818128417308366,0.8337153112611123,3
