method,model,fold,accuracy,precision,recall,f1,auc
Class Weight,Random Forest,1,0.7272727272727273,0.6266233766233765,0.7272727272727273,0.6681971227425773,0.9390968508615568
Class Weight,Random Forest,2,0.7727272727272727,0.7528409090909091,0.7727272727272727,0.7473130317957903,0.8602198455139631
Class Weight,Random Forest,3,0.8181818181818182,0.8636363636363636,0.8181818181818182,0.7994227994227995,0.9703208556149733
Class Weight,Random Forest,4,0.6363636363636364,0.4952153110047847,0.6363636363636364,0.540719696969697,0.6785502079619729
Class Weight,Random Forest,5,0.7619047619047619,0.7591036414565826,0.7619047619047619,0.7269841269841271,0.8284313725490197
Class Weight,CatBoost,1,0.6818181818181818,0.7256493506493507,0.6818181818181818,0.6913452708907254,0.9230540701128938
Class Weight,CatBoost,2,0.8181818181818182,0.84375,0.8181818181818182,0.7960143304970891,0.8602198455139632
Class Weight,CatBoost,3,0.8636363636363636,0.8766233766233765,0.8636363636363636,0.8557692307692307,0.9775401069518718
Class Weight,CatBoost,4,0.6818181818181818,0.6313131313131314,0.6818181818181818,0.6211422985616535,0.6616161616161617
Class Weight,CatBoost,5,0.7619047619047619,0.7591036414565826,0.7619047619047619,0.7269841269841271,0.7587535014005602
Class Weight,LightGBM,1,0.7272727272727273,0.890909090909091,0.7272727272727273,0.7213203463203463,0.9255793226381462
Class Weight,LightGBM,2,0.8181818181818182,0.84375,0.8181818181818182,0.7960143304970891,0.8857694592988711
Class Weight,LightGBM,3,0.9090909090909091,0.922077922077922,0.9090909090909091,0.9012237762237763,0.9711229946524065
Class Weight,LightGBM,4,0.6363636363636364,0.4977272727272728,0.6363636363636364,0.5304998032270759,0.8086749851455735
Class Weight,LightGBM,5,0.7142857142857143,0.6927437641723356,0.7142857142857143,0.7016880826404636,0.7769607843137255
Borderline-SMOTE,Random Forest,1,0.7727272727272727,0.6396103896103896,0.7727272727272727,0.6902356902356902,0.9150326797385621
Borderline-SMOTE,Random Forest,2,0.7272727272727273,0.6846590909090909,0.7272727272727273,0.6913967258794845,0.8741830065359477
Borderline-SMOTE,Random Forest,3,0.9090909090909091,0.922077922077922,0.9090909090909091,0.9075369075369075,0.98475935828877
Borderline-SMOTE,Random Forest,4,0.5454545454545454,0.42780748663101603,0.5454545454545454,0.47878787878787876,0.6593879976232917
Borderline-SMOTE,Random Forest,5,0.7142857142857143,0.727357609710551,0.7142857142857143,0.6671201814058957,0.8200280112044818
Borderline-SMOTE,CatBoost,1,0.6818181818181818,0.7256493506493507,0.6818181818181818,0.6913452708907254,0.8915626856803326
Borderline-SMOTE,CatBoost,2,0.8181818181818182,0.84375,0.8181818181818182,0.7960143304970891,0.8728461081402258
Borderline-SMOTE,CatBoost,3,0.9090909090909091,0.922077922077922,0.9090909090909091,0.9075369075369075,0.983957219251337
Borderline-SMOTE,CatBoost,4,0.6818181818181818,0.6313131313131314,0.6818181818181818,0.6211422985616535,0.6662210338680927
Borderline-SMOTE,CatBoost,5,0.7142857142857143,0.727357609710551,0.7142857142857143,0.6671201814058957,0.765406162464986
Borderline-SMOTE,LightGBM,1,0.7727272727272727,0.8084415584415584,0.7727272727272727,0.7749081726354454,0.9190433749257277
Borderline-SMOTE,LightGBM,2,0.8181818181818182,0.8,0.8181818181818182,0.7987012987012986,0.9450386215092098
Borderline-SMOTE,LightGBM,3,0.9090909090909091,0.922077922077922,0.9090909090909091,0.9075369075369075,1.0
Borderline-SMOTE,LightGBM,4,0.6818181818181818,0.6313131313131314,0.6818181818181818,0.6211422985616535,0.7519310754604873
Borderline-SMOTE,LightGBM,5,0.8095238095238095,0.8204365079365078,0.8095238095238095,0.7908358745797169,0.9397759103641457
ADASYN,Random Forest,1,0.7272727272727273,0.7575757575757575,0.7272727272727273,0.7196969696969696,0.9203802733214498
ADASYN,Random Forest,2,0.7727272727272727,0.7982954545454546,0.7727272727272727,0.738871473354232,0.8706179441473558
ADASYN,Random Forest,3,0.9545454545454546,0.958041958041958,0.9545454545454546,0.952929292929293,0.9802139037433156
ADASYN,Random Forest,4,0.5909090909090909,0.5653409090909091,0.5909090909090909,0.5586654724585759,0.6709744503862151
ADASYN,Random Forest,5,0.7619047619047619,0.7591036414565826,0.7619047619047619,0.7269841269841271,0.8991596638655462
ADASYN,CatBoost,1,0.7727272727272727,0.8084415584415584,0.7727272727272727,0.7749081726354454,0.9074569221628045
ADASYN,CatBoost,2,0.8181818181818182,0.8323863636363636,0.8181818181818182,0.8025078369905956,0.8758169934640523
ADASYN,CatBoost,3,0.9090909090909091,0.922077922077922,0.9090909090909091,0.9075369075369075,0.960427807486631
ADASYN,CatBoost,4,0.5454545454545454,0.4426136363636364,0.5454545454545454,0.4886799024730059,0.648989898989899
ADASYN,CatBoost,5,0.6666666666666666,0.692063492063492,0.6666666666666666,0.6609977324263038,0.8960084033613446
ADASYN,LightGBM,1,0.7727272727272727,0.8084415584415584,0.7727272727272727,0.7749081726354454,0.8951277480689246
ADASYN,LightGBM,2,0.8636363636363636,0.8848484848484848,0.8636363636363636,0.84018759018759,0.8909685086155675
ADASYN,LightGBM,3,0.9090909090909091,0.922077922077922,0.9090909090909091,0.9075369075369075,0.9973262032085561
ADASYN,LightGBM,4,0.5909090909090909,0.4550802139037433,0.5909090909090909,0.5141414141414141,0.7245989304812835
ADASYN,LightGBM,5,0.8095238095238095,0.8204365079365078,0.8095238095238095,0.7908358745797169,0.946078431372549
