method,model,accuracy_mean,accuracy_std,precision_mean,precision_std,recall_mean,recall_std,f1_mean,f1_std,auc_mean,auc_std
ADASYN,CatBoost,0.7424242424242424,0.14050937114387427,0.7395165945165945,0.18513997844993732,0.7424242424242424,0.14050937114387427,0.7269261104124516,0.15948584760649293,0.8577400050929462,0.1208143319478353
ADASYN,LightGBM,0.7891774891774892,0.12239106624446168,0.7781769374416433,0.18653392704081048,0.7891774891774892,0.12239106624446168,0.7655219918162148,0.14971996839964524,0.8908199643493762,0.10252449495100037
ADASYN,Random Forest,0.7614718614718614,0.13006298811506614,0.7676715441421323,0.13990330421387107,0.7614718614718614,0.13006298811506614,0.7394294670846395,0.140358796205692,0.8682692470927765,0.11740116720133745
Borderline-SMOTE,CatBoost,0.7610389610389611,0.09990297198668639,0.770029602750191,0.11356292704434304,0.7610389610389611,0.09990297198668639,0.7366317977784542,0.11506020216744675,0.8359986418809948,0.12262195325796851
Borderline-SMOTE,LightGBM,0.7982683982683982,0.08218555147559692,0.7964538239538239,0.10462350676240603,0.7982683982683982,0.08218555147559692,0.7786249104030044,0.1024512801168032,0.9111577964519141,0.09390843267151838
Borderline-SMOTE,Random Forest,0.7337662337662337,0.13051786520936218,0.6803024997877939,0.17755146970621094,0.7337662337662337,0.13051786520936218,0.6870154767691713,0.15199820877648262,0.8506782106782106,0.12268160783028348
Class Weight,CatBoost,0.7614718614718614,0.0811529566006264,0.7672879000084882,0.09758405067459834,0.7614718614718614,0.0811529566006264,0.7382510515405651,0.09108879557420478,0.8362367371190901,0.12705813465587737
Class Weight,LightGBM,0.7610389610389611,0.10494599403032168,0.7694416099773242,0.17555994000746786,0.7610389610389611,0.10494599403032168,0.7301492677817503,0.1363383580801481,0.8736215092097446,0.08049079676676696
Class Weight,Random Forest,0.7432900432900433,0.06802875693975978,0.6994839203624033,0.14175844562597884,0.7432900432900433,0.06802875693975978,0.6965273555829983,0.0989607255062739,0.8553238265002971,0.1142785233636122
