class,minute,ig_importance
Healthy,912,0.0055322726
Healthy,727,0.004813676
Healthy,711,0.0025572514
Healthy,1155,0.0023913765
Healthy,663,0.0022351604
Healthy,751,0.002169661
Healthy,67,0.0021448317
Healthy,734,0.0020519588
Healthy,39,0.0017949184
Healthy,633,0.0017689371
Depression,1402,0.002234181
Depression,1091,0.002136957
Depression,682,0.0021169381
Depression,1117,0.0020466188
Depression,1355,0.0020185073
Depression,61,0.002016691
Depression,1407,0.001987741
Depression,1002,0.0019778286
Depression,1043,0.0019634361
Depression,723,0.001958875
Schizophrenia,302,0.0034912492
Schizophrenia,306,0.0034413144
Schizophrenia,305,0.003397902
Schizophrenia,122,0.0033295848
Schizophrenia,301,0.003282167
Schizophrenia,14,0.0031735608
Schizophrenia,22,0.0031276406
Schizophrenia,314,0.003084552
Schizophrenia,142,0.0030398583
Schizophrenia,1398,0.0030252254
