minute,activity,normalized_activity,integrated_gradient,absolute_importance
0,0.0,-0.6822123,-0.00016820719,0.00016820719
1,0.0,-0.6822123,0.00043905064,0.00043905064
2,0.0,-0.6822123,0.00033845645,0.00033845645
3,0.0,-0.6822123,0.00078383414,0.00078383414
4,0.0,-0.6822123,-0.00030469976,0.00030469976
5,0.0,-0.6822123,0.001298894,0.001298894
6,0.0,-0.6822123,-0.00089616113,0.00089616113
7,0.0,-0.6822123,0.0020024783,0.0020024783
8,0.0,-0.6822123,-0.00066375826,0.00066375826
9,0.0,-0.6822123,0.0016419672,0.0016419672
10,0.0,-0.6822123,-0.0012956612,0.0012956612
11,0.0,-0.6822123,0.0010979754,0.0010979754
12,0.0,-0.6822123,-0.00091861363,0.00091861363
13,0.0,-0.6822123,0.0010272685,0.0010272685
14,0.0,-0.6822123,-0.0009974965,0.0009974965
15,0.0,-0.6822123,0.0021627217,0.0021627217
16,0.0,-0.6822123,-0.0006925818,0.0006925818
17,0.0,-0.6822123,0.0009029652,0.0009029652
18,0.0,-0.6822123,-0.0018959382,0.0018959382
19,0.0,-0.6822123,0.001129676,0.001129676
20,296.0,0.6101936,-0.0008406728,0.0008406728
21,0.0,-0.6822123,-0.00020832506,0.00020832506
22,0.0,-0.6822123,0.00076614786,0.00076614786
23,0.0,-0.6822123,0.001424189,0.001424189
24,0.0,-0.6822123,0.00051574374,0.00051574374
25,30.0,-0.5512252,0.00013641002,0.00013641002
26,0.0,-0.6822123,0.00085052784,0.00085052784
27,3.0,-0.6691136,-0.0010979754,0.0010979754
28,0.0,-0.6822123,0.0018744903,0.0018744903
29,0.0,-0.6822123,-0.00018967656,0.00018967656
30,0.0,-0.6822123,0.00092104945,0.00092104945
31,0.0,-0.6822123,-0.00031579295,0.00031579295
32,0.0,-0.6822123,0.00048428375,0.00048428375
33,0.0,-0.6822123,0.0011593568,0.0011593568
34,0.0,-0.6822123,-0.00048284614,0.00048284614
35,0.0,-0.6822123,0.0019510834,0.0019510834
36,0.0,-0.6822123,-0.0003577672,0.0003577672
37,0.0,-0.6822123,0.0007048369,0.0007048369
38,0.0,-0.6822123,-0.001525426,0.001525426
39,0.0,-0.6822123,0.0019680099,0.0019680099
40,0.0,-0.6822123,-0.0011189277,0.0011189277
41,0.0,-0.6822123,0.001476667,0.001476667
42,0.0,-0.6822123,-0.00018006832,0.00018006832
43,0.0,-0.6822123,0.0014627024,0.0014627024
44,0.0,-0.6822123,-0.0010813635,0.0010813635
45,0.0,-0.6822123,0.0014434184,0.0014434184
46,0.0,-0.6822123,-0.0009342738,0.0009342738
47,0.0,-0.6822123,0.0012957935,0.0012957935
48,0.0,-0.6822123,-0.0012492494,0.0012492494
49,0.0,-0.6822123,0.00033008488,0.00033008488
50,143.0,-0.057840504,0.00018442169,0.00018442169
51,0.0,-0.6822123,-0.00048194334,0.00048194334
52,0.0,-0.6822123,-0.00082352984,0.00082352984
53,0.0,-0.6822123,0.001196072,0.001196072
54,0.0,-0.6822123,0.0008982701,0.0008982701
55,0.0,-0.6822123,-0.00023039825,0.00023039825
56,0.0,-0.6822123,0.0007879995,0.0007879995
57,8.0,-0.64728236,-0.00064901426,0.00064901426
58,0.0,-0.6822123,0.0020230329,0.0020230329
59,0.0,-0.6822123,-0.000352385,0.000352385
60,0.0,-0.6822123,0.0010988353,0.0010988353
61,0.0,-0.6822123,0.00022196629,0.00022196629
62,0.0,-0.6822123,0.00074188417,0.00074188417
63,0.0,-0.6822123,-0.00015463227,0.00015463227
64,0.0,-0.6822123,0.00039287485,0.00039287485
65,0.0,-0.6822123,0.00027164834,0.00027164834
66,0.0,-0.6822123,7.715553e-05,7.715553e-05
67,5.0,-0.6603811,-7.760525e-05,7.760525e-05
68,0.0,-0.6822123,0.0013582052,0.0013582052
69,0.0,-0.6822123,-0.00040491545,0.00040491545
70,0.0,-0.6822123,0.0005918649,0.0005918649
71,0.0,-0.6822123,0.0005104065,0.0005104065
72,0.0,-0.6822123,0.00083322066,0.00083322066
73,0.0,-0.6822123,0.00028568562,0.00028568562
74,0.0,-0.6822123,-0.0008022203,0.0008022203
75,0.0,-0.6822123,0.0021080954,0.0021080954
76,0.0,-0.6822123,-0.0013149044,0.0013149044
77,0.0,-0.6822123,0.0019117586,0.0019117586
78,0.0,-0.6822123,-0.0010706522,0.0010706522
79,0.0,-0.6822123,0.0015115757,0.0015115757
80,0.0,-0.6822123,-0.0007053333,0.0007053333
81,0.0,-0.6822123,0.0006976531,0.0006976531
82,0.0,-0.6822123,0.00014648327,0.00014648327
83,0.0,-0.6822123,-0.0011686726,0.0011686726
84,0.0,-0.6822123,-1.8105235e-05,1.8105235e-05
85,154.0,-0.009811906,2.958882e-05,2.958882e-05
86,0.0,-0.6822123,0.00033529964,0.00033529964
87,35.0,-0.52939403,-0.00027576237,0.00027576237
88,0.0,-0.6822123,0.0016729252,0.0016729252
89,21.0,-0.59052134,0.0007171497,0.0007171497
90,0.0,-0.6822123,-0.0001033928,0.0001033928
91,0.0,-0.6822123,-0.0016662887,0.0016662887
92,8.0,-0.64728236,0.0011110906,0.0011110906
93,0.0,-0.6822123,9.955437e-05,9.955437e-05
94,5.0,-0.6603811,0.0010241655,0.0010241655
95,0.0,-0.6822123,0.0010421741,0.0010421741
96,0.0,-0.6822123,-0.00022044258,0.00022044258
97,0.0,-0.6822123,0.0018272743,0.0018272743
98,0.0,-0.6822123,-0.000962529,0.000962529
99,0.0,-0.6822123,0.0014802159,0.0014802159
100,0.0,-0.6822123,-0.0007360934,0.0007360934
101,0.0,-0.6822123,0.001684511,0.001684511
102,0.0,-0.6822123,-0.0012498393,0.0012498393
103,0.0,-0.6822123,0.0016307263,0.0016307263
104,0.0,-0.6822123,-0.00065506203,0.00065506203
105,0.0,-0.6822123,0.0006623239,0.0006623239
106,0.0,-0.6822123,-0.0013338333,0.0013338333
107,0.0,-0.6822123,0.0023825893,0.0023825893
108,17.0,-0.6079863,-0.00013742362,0.00013742362
109,0.0,-0.6822123,0.00065599644,0.00065599644
110,0.0,-0.6822123,-0.0001792113,0.0001792113
111,0.0,-0.6822123,0.0026661279,0.0026661279
112,0.0,-0.6822123,-0.0011874004,0.0011874004
113,0.0,-0.6822123,0.0019885032,0.0019885032
114,0.0,-0.6822123,-0.0017363933,0.0017363933
115,0.0,-0.6822123,0.0021398782,0.0021398782
116,0.0,-0.6822123,-0.0011467856,0.0011467856
117,0.0,-0.6822123,0.002224494,0.002224494
118,0.0,-0.6822123,-0.0014352903,0.0014352903
119,0.0,-0.6822123,0.0017612228,0.0017612228
120,0.0,-0.6822123,-0.0009858683,0.0009858683
121,0.0,-0.6822123,0.0018621284,0.0018621284
122,0.0,-0.6822123,-0.0012323248,0.0012323248
123,0.0,-0.6822123,0.001682825,0.001682825
124,0.0,-0.6822123,-0.0003673175,0.0003673175
125,0.0,-0.6822123,0.0007390242,0.0007390242
126,0.0,-0.6822123,-0.0011045976,0.0011045976
127,0.0,-0.6822123,0.0017659594,0.0017659594
128,0.0,-0.6822123,-0.00095691445,0.00095691445
129,0.0,-0.6822123,0.000712925,0.000712925
130,0.0,-0.6822123,-0.0012081619,0.0012081619
131,0.0,-0.6822123,0.0012725797,0.0012725797
132,41.0,-0.5031966,0.0009818946,0.0009818946
133,0.0,-0.6822123,-0.00037975155,0.00037975155
134,0.0,-0.6822123,-0.00023367774,0.00023367774
135,0.0,-0.6822123,0.0020939386,0.0020939386
136,0.0,-0.6822123,-0.0004505769,0.0004505769
137,0.0,-0.6822123,0.0009771842,0.0009771842
138,0.0,-0.6822123,-0.00063070457,0.00063070457
139,0.0,-0.6822123,0.0009158563,0.0009158563
140,0.0,-0.6822123,-0.0010310357,0.0010310357
141,0.0,-0.6822123,0.0018006208,0.0018006208
142,0.0,-0.6822123,-0.00083228643,0.00083228643
143,0.0,-0.6822123,0.0019852712,0.0019852712
144,0.0,-0.6822123,-0.0022132564,0.0022132564
145,0.0,-0.6822123,0.0006736097,0.0006736097
146,268.0,0.48793903,-0.00026515237,0.00026515237
147,3.0,-0.6691136,0.0002294593,0.0002294593
148,0.0,-0.6822123,8.40824e-05,8.40824e-05
149,0.0,-0.6822123,-0.00018237147,0.00018237147
150,0.0,-0.6822123,-0.000101854275,0.000101854275
151,82.0,-0.3241809,0.00070885965,0.00070885965
152,0.0,-0.6822123,0.00077520293,0.00077520293
153,0.0,-0.6822123,-0.0012947883,0.0012947883
154,0.0,-0.6822123,0.0015356763,0.0015356763
155,0.0,-0.6822123,-0.000108912776,0.000108912776
156,0.0,-0.6822123,0.0005561541,0.0005561541
157,0.0,-0.6822123,6.7762834e-05,6.7762834e-05
158,0.0,-0.6822123,-0.0005681368,0.0005681368
159,0.0,-0.6822123,0.0024643454,0.0024643454
160,0.0,-0.6822123,-0.0012204134,0.0012204134
161,0.0,-0.6822123,0.001683015,0.001683015
162,0.0,-0.6822123,-0.0017913813,0.0017913813
163,0.0,-0.6822123,0.0015336215,0.0015336215
164,30.0,-0.5512252,0.00025942098,0.00025942098
165,0.0,-0.6822123,0.00037455306,0.00037455306
166,0.0,-0.6822123,0.00020250659,0.00020250659
167,0.0,-0.6822123,0.0025692994,0.0025692994
168,0.0,-0.6822123,-0.0010561086,0.0010561086
169,0.0,-0.6822123,0.001895291,0.001895291
170,0.0,-0.6822123,-0.0016820568,0.0016820568
171,0.0,-0.6822123,0.0020883477,0.0020883477
172,0.0,-0.6822123,-0.0010235809,0.0010235809
173,0.0,-0.6822123,0.00238473,0.00238473
174,0.0,-0.6822123,-0.0014787288,0.0014787288
175,0.0,-0.6822123,0.0015672973,0.0015672973
176,0.0,-0.6822123,-0.00092962343,0.00092962343
177,0.0,-0.6822123,0.0021797826,0.0021797826
178,0.0,-0.6822123,-0.0015138425,0.0015138425
179,0.0,-0.6822123,0.0020115988,0.0020115988
180,0.0,-0.6822123,-0.00089232397,0.00089232397
181,0.0,-0.6822123,0.0018325204,0.0018325204
182,0.0,-0.6822123,-0.0013799195,0.0013799195
183,0.0,-0.6822123,0.0021639364,0.0021639364
184,0.0,-0.6822123,-0.00033163908,0.00033163908
185,0.0,-0.6822123,0.00039174285,0.00039174285
186,0.0,-0.6822123,-0.001420802,0.001420802
187,0.0,-0.6822123,0.0016862284,0.0016862284
188,0.0,-0.6822123,-0.00092474325,0.00092474325
189,0.0,-0.6822123,0.0012047788,0.0012047788
190,0.0,-0.6822123,-0.00022684553,0.00022684553
191,0.0,-0.6822123,0.0012878203,0.0012878203
192,0.0,-0.6822123,-0.0009475206,0.0009475206
193,0.0,-0.6822123,0.001624719,0.001624719
194,0.0,-0.6822123,-0.00071877294,0.00071877294
195,0.0,-0.6822123,0.0009556258,0.0009556258
196,0.0,-0.6822123,-0.0011136385,0.0011136385
197,0.0,-0.6822123,-0.0003338345,0.0003338345
198,120.0,-0.15826394,0.0004142012,0.0004142012
199,0.0,-0.6822123,-4.5467677e-05,4.5467677e-05
200,3.0,-0.6691136,-0.0019056207,0.0019056207
201,0.0,-0.6822123,0.0019514383,0.0019514383
202,102.0,-0.23685619,0.00048003776,0.00048003776
203,0.0,-0.6822123,0.00040497116,0.00040497116
204,0.0,-0.6822123,-0.00115848,0.00115848
205,0.0,-0.6822123,0.0015211247,0.0015211247
206,0.0,-0.6822123,-0.00033006238,0.00033006238
207,0.0,-0.6822123,0.0008808272,0.0008808272
208,0.0,-0.6822123,-0.0010283849,0.0010283849
209,0.0,-0.6822123,0.0014715042,0.0014715042
210,0.0,-0.6822123,-0.0005694146,0.0005694146
211,0.0,-0.6822123,0.0013718783,0.0013718783
212,11.0,-0.6341837,-0.00011074038,0.00011074038
213,0.0,-0.6822123,0.0013364742,0.0013364742
214,0.0,-0.6822123,-0.0006968032,0.0006968032
215,0.0,-0.6822123,0.0027559518,0.0027559518
216,0.0,-0.6822123,-0.0007565058,0.0007565058
217,0.0,-0.6822123,0.0009710536,0.0009710536
218,0.0,-0.6822123,-5.770264e-05,5.770264e-05
219,0.0,-0.6822123,-0.00010360588,0.00010360588
220,0.0,-0.6822123,0.00026925938,0.00026925938
221,3.0,-0.6691136,-0.0003870714,0.0003870714
222,0.0,-0.6822123,0.002427274,0.002427274
223,0.0,-0.6822123,-0.00068179314,0.00068179314
224,0.0,-0.6822123,0.0013896424,0.0013896424
225,0.0,-0.6822123,-0.0007620679,0.0007620679
226,0.0,-0.6822123,9.1019094e-05,9.1019094e-05
227,0.0,-0.6822123,0.00075290387,0.00075290387
228,3.0,-0.6691136,2.4215506e-05,2.4215506e-05
229,0.0,-0.6822123,0.0010808544,0.0010808544
230,0.0,-0.6822123,-0.0004342804,0.0004342804
231,0.0,-0.6822123,0.002620429,0.002620429
232,0.0,-0.6822123,-0.0012575872,0.0012575872
233,0.0,-0.6822123,0.0021347508,0.0021347508
234,0.0,-0.6822123,-0.0017440502,0.0017440502
235,0.0,-0.6822123,0.002191792,0.002191792
236,0.0,-0.6822123,-0.0011812069,0.0011812069
237,0.0,-0.6822123,0.0023045235,0.0023045235
238,0.0,-0.6822123,-0.0014362398,0.0014362398
239,0.0,-0.6822123,0.0016428162,0.0016428162
240,0.0,-0.6822123,-0.000994608,0.000994608
241,0.0,-0.6822123,0.0020753727,0.0020753727
242,0.0,-0.6822123,-0.0014265924,0.0014265924
243,0.0,-0.6822123,0.0021368668,0.0021368668
244,0.0,-0.6822123,-0.00042286434,0.00042286434
245,0.0,-0.6822123,0.00043309227,0.00043309227
246,0.0,-0.6822123,-0.0011640023,0.0011640023
247,0.0,-0.6822123,0.0017545717,0.0017545717
248,0.0,-0.6822123,-0.00081457087,0.00081457087
249,0.0,-0.6822123,0.0010050469,0.0010050469
250,0.0,-0.6822123,-0.0009909659,0.0009909659
251,0.0,-0.6822123,0.0019041417,0.0019041417
252,0.0,-0.6822123,-0.00093217444,0.00093217444
253,0.0,-0.6822123,0.0012158788,0.0012158788
254,0.0,-0.6822123,0.0010756108,0.0010756108
255,0.0,-0.6822123,0.00030998068,0.00030998068
256,0.0,-0.6822123,-0.0021894944,0.0021894944
257,76.0,-0.35037833,0.000983698,0.000983698
258,70.0,-0.37657574,0.0010823144,0.0010823144
259,0.0,-0.6822123,-0.00069083564,0.00069083564
260,24.0,-0.5774226,0.0004407183,0.0004407183
261,0.0,-0.6822123,0.0013925016,0.0013925016
262,0.0,-0.6822123,-0.0010324919,0.0010324919
263,14.0,-0.621085,0.00078393763,0.00078393763
264,67.0,-0.38967445,1.2527562e-07,1.2527562e-07
265,8.0,-0.64728236,0.0011109373,0.0011109373
266,0.0,-0.6822123,-0.0009786412,0.0009786412
267,3.0,-0.6691136,0.0003355298,0.0003355298
268,94.0,-0.27178606,0.0007542623,0.0007542623
269,116.0,-0.17572889,0.00055418885,0.00055418885
270,43.0,-0.49446413,-0.0016092536,0.0016092536
271,98.0,-0.25432113,0.001382756,0.001382756
272,0.0,-0.6822123,-0.0025059974,0.0025059974
273,0.0,-0.6822123,0.002129088,0.002129088
274,111.0,-0.19756006,0.00062688865,0.00062688865
275,0.0,-0.6822123,0.0007314517,0.0007314517
276,0.0,-0.6822123,-0.00046291,0.00046291
277,0.0,-0.6822123,0.0009291421,0.0009291421
278,0.0,-0.6822123,5.1040115e-05,5.1040115e-05
279,0.0,-0.6822123,0.00015933845,0.00015933845
280,0.0,-0.6822123,-0.0010859267,0.0010859267
281,0.0,-0.6822123,0.0013784628,0.0013784628
282,0.0,-0.6822123,-0.00040980778,0.00040980778
283,3.0,-0.6691136,0.0014937845,0.0014937845
284,6.0,-0.65601486,5.7685327e-05,5.7685327e-05
285,0.0,-0.6822123,0.0015474798,0.0015474798
286,0.0,-0.6822123,-0.0010038331,0.0010038331
287,0.0,-0.6822123,0.0025636684,0.0025636684
288,0.0,-0.6822123,-0.0012103902,0.0012103902
289,0.0,-0.6822123,0.002510372,0.002510372
290,0.0,-0.6822123,-0.0018121758,0.0018121758
291,0.0,-0.6822123,0.0019990674,0.0019990674
292,0.0,-0.6822123,-0.0010505379,0.0010505379
293,0.0,-0.6822123,0.002403786,0.002403786
294,0.0,-0.6822123,-0.0015918792,0.0015918792
295,0.0,-0.6822123,0.0015795087,0.0015795087
296,0.0,-0.6822123,-0.0009820292,0.0009820292
297,0.0,-0.6822123,0.002273462,0.002273462
298,0.0,-0.6822123,-0.0016071306,0.0016071306
299,0.0,-0.6822123,0.0020350013,0.0020350013
300,0.0,-0.6822123,-0.000895522,0.000895522
301,0.0,-0.6822123,0.002044823,0.002044823
302,0.0,-0.6822123,-0.0016582034,0.0016582034
303,0.0,-0.6822123,0.002148404,0.002148404
304,0.0,-0.6822123,-0.00038942226,0.00038942226
305,0.0,-0.6822123,0.0011476155,0.0011476155
306,0.0,-0.6822123,-0.0017608386,0.0017608386
307,0.0,-0.6822123,0.001989157,0.001989157
308,0.0,-0.6822123,-0.00089089654,0.00089089654
309,0.0,-0.6822123,0.0017583526,0.0017583526
310,0.0,-0.6822123,-0.0006853209,0.0006853209
311,0.0,-0.6822123,0.002220127,0.002220127
312,0.0,-0.6822123,-0.0012951926,0.0012951926
313,0.0,-0.6822123,0.0018445385,0.0018445385
314,0.0,-0.6822123,-0.0011135734,0.0011135734
315,0.0,-0.6822123,0.0005574113,0.0005574113
316,0.0,-0.6822123,-0.0006667563,0.0006667563
317,0.0,-0.6822123,0.00202866,0.00202866
318,3.0,-0.6691136,-0.00019369213,0.00019369213
319,0.0,-0.6822123,0.00056141603,0.00056141603
320,0.0,-0.6822123,-0.0007134195,0.0007134195
321,0.0,-0.6822123,0.001974273,0.001974273
322,0.0,-0.6822123,-0.0017715973,0.0017715973
323,0.0,-0.6822123,0.0023128989,0.0023128989
324,0.0,-0.6822123,-0.0015326316,0.0015326316
325,0.0,-0.6822123,0.0024842024,0.0024842024
326,0.0,-0.6822123,-0.00075858965,0.00075858965
327,0.0,-0.6822123,0.0020548776,0.0020548776
328,0.0,-0.6822123,-0.0012662534,0.0012662534
329,0.0,-0.6822123,0.0025177104,0.0025177104
330,0.0,-0.6822123,-0.0017028402,0.0017028402
331,0.0,-0.6822123,0.0021162182,0.0021162182
332,0.0,-0.6822123,-0.0006705698,0.0006705698
333,0.0,-0.6822123,0.0011909306,0.0011909306
334,0.0,-0.6822123,-0.0016509058,0.0016509058
335,0.0,-0.6822123,0.0018581162,0.0018581162
336,0.0,-0.6822123,-0.0008330186,0.0008330186
337,0.0,-0.6822123,0.0016439927,0.0016439927
338,0.0,-0.6822123,-0.00032489552,0.00032489552
339,0.0,-0.6822123,0.0019265041,0.0019265041
340,0.0,-0.6822123,-0.00118828,0.00118828
341,0.0,-0.6822123,0.001971224,0.001971224
342,0.0,-0.6822123,-0.0013032164,0.0013032164
343,0.0,-0.6822123,0.0004789345,0.0004789345
344,0.0,-0.6822123,-0.00089394127,0.00089394127
345,0.0,-0.6822123,0.001232298,0.001232298
346,20.0,-0.59488755,0.0009084637,0.0009084637
347,0.0,-0.6822123,-0.00041492624,0.00041492624
348,0.0,-0.6822123,-0.00048630688,0.00048630688
349,0.0,-0.6822123,0.001604991,0.001604991
350,0.0,-0.6822123,-0.0008288124,0.0008288124
351,0.0,-0.6822123,0.0017311764,0.0017311764
352,0.0,-0.6822123,-0.00111867,0.00111867
353,0.0,-0.6822123,0.00088851235,0.00088851235
354,26.0,-0.5686901,0.00038126294,0.00038126294
355,0.0,-0.6822123,-0.00083641475,0.00083641475
356,0.0,-0.6822123,0.0012942114,0.0012942114
357,0.0,-0.6822123,0.0005281923,0.0005281923
358,0.0,-0.6822123,-0.00083315134,0.00083315134
359,9.0,-0.64291614,0.0016640681,0.0016640681
360,0.0,-0.6822123,8.568706e-05,8.568706e-05
361,0.0,-0.6822123,-0.0017716769,0.0017716769
362,0.0,-0.6822123,0.002610999,0.002610999
363,0.0,-0.6822123,-0.0013046127,0.0013046127
364,0.0,-0.6822123,0.00046868421,0.00046868421
365,148.0,-0.036009323,8.289645e-05,8.289645e-05
366,111.0,-0.19756006,0.00091282086,0.00091282086
367,98.0,-0.25432113,0.00020857148,0.00020857148
368,0.0,-0.6822123,0.0009949276,0.0009949276
369,0.0,-0.6822123,0.000382358,0.000382358
370,0.0,-0.6822123,0.00011657531,0.00011657531
371,0.0,-0.6822123,0.0005471137,0.0005471137
372,0.0,-0.6822123,0.00011121825,0.00011121825
373,0.0,-0.6822123,0.0013761043,0.0013761043
374,0.0,-0.6822123,-0.00061469636,0.00061469636
375,0.0,-0.6822123,0.0019969617,0.0019969617
376,0.0,-0.6822123,-0.00086237665,0.00086237665
377,0.0,-0.6822123,0.0017337415,0.0017337415
378,0.0,-0.6822123,-0.0015706283,0.0015706283
379,0.0,-0.6822123,0.001667586,0.001667586
380,0.0,-0.6822123,-0.0008657107,0.0008657107
381,0.0,-0.6822123,0.0017396432,0.0017396432
382,0.0,-0.6822123,-0.0010213752,0.0010213752
383,0.0,-0.6822123,0.0016043107,0.0016043107
384,0.0,-0.6822123,-0.00041245762,0.00041245762
385,0.0,-0.6822123,0.00053427246,0.00053427246
386,0.0,-0.6822123,-0.001024667,0.001024667
387,0.0,-0.6822123,0.0019916857,0.0019916857
388,0.0,-0.6822123,-0.0010923352,0.0010923352
389,0.0,-0.6822123,0.0008801231,0.0008801231
390,0.0,-0.6822123,-0.0017813876,0.0017813876
391,0.0,-0.6822123,0.0006321706,0.0006321706
392,94.0,-0.27178606,0.0007787039,0.0007787039
393,0.0,-0.6822123,-0.00045411204,0.00045411204
394,0.0,-0.6822123,0.0008143567,0.0008143567
395,0.0,-0.6822123,0.0021042426,0.0021042426
396,0.0,-0.6822123,-0.0005022224,0.0005022224
397,0.0,-0.6822123,0.00030160515,0.00030160515
398,0.0,-0.6822123,-0.0007188574,0.0007188574
399,0.0,-0.6822123,0.0008265023,0.0008265023
400,0.0,-0.6822123,0.0010947909,0.0010947909
401,0.0,-0.6822123,-0.0005226562,0.0005226562
402,0.0,-0.6822123,-0.0010753273,0.0010753273
403,79.0,-0.33727962,0.0013746517,0.0013746517
404,0.0,-0.6822123,-0.00032885972,0.00032885972
405,0.0,-0.6822123,-0.0006234581,0.0006234581
406,0.0,-0.6822123,0.0009943475,0.0009943475
407,0.0,-0.6822123,-0.00070159126,0.00070159126
408,0.0,-0.6822123,0.0010218689,0.0010218689
409,0.0,-0.6822123,-0.0002371068,0.0002371068
410,0.0,-0.6822123,0.0013421443,0.0013421443
411,0.0,-0.6822123,-0.0005544962,0.0005544962
412,0.0,-0.6822123,2.6433281e-05,2.6433281e-05
413,70.0,-0.37657574,0.0011614349,0.0011614349
414,0.0,-0.6822123,0.00045720596,0.00045720596
415,0.0,-0.6822123,-0.00064098014,0.00064098014
416,0.0,-0.6822123,0.00087359885,0.00087359885
417,0.0,-0.6822123,-0.00046409917,0.00046409917
418,0.0,-0.6822123,0.0004273687,0.0004273687
419,0.0,-0.6822123,-0.0007160812,0.0007160812
420,0.0,-0.6822123,0.0017133605,0.0017133605
421,0.0,-0.6822123,0.00058325,0.00058325
422,0.0,-0.6822123,-0.0003950847,0.0003950847
423,35.0,-0.52939403,0.00086132484,0.00086132484
424,9.0,-0.64291614,0.0009233688,0.0009233688
425,0.0,-0.6822123,-0.0008869906,0.0008869906
426,0.0,-0.6822123,0.00066478626,0.00066478626
427,0.0,-0.6822123,0.00014611047,0.00014611047
428,0.0,-0.6822123,0.001682256,0.001682256
429,0.0,-0.6822123,-0.00092108274,0.00092108274
430,0.0,-0.6822123,0.00045331076,0.00045331076
431,9.0,-0.64291614,0.0007721355,0.0007721355
432,0.0,-0.6822123,0.0013225989,0.0013225989
433,0.0,-0.6822123,-0.0012811992,0.0012811992
434,0.0,-0.6822123,0.0014349549,0.0014349549
435,0.0,-0.6822123,-0.0011574267,0.0011574267
436,0.0,-0.6822123,0.0016080685,0.0016080685
437,0.0,-0.6822123,0.0001510416,0.0001510416
438,0.0,-0.6822123,-0.0003772989,0.0003772989
439,0.0,-0.6822123,0.0011242807,0.0011242807
440,0.0,-0.6822123,-0.00078343874,0.00078343874
441,0.0,-0.6822123,-0.00020063514,0.00020063514
442,35.0,-0.52939403,0.0012938845,0.0012938845
443,0.0,-0.6822123,9.16288e-06,9.16288e-06
444,0.0,-0.6822123,-0.001303892,0.001303892
445,120.0,-0.15826394,0.0005471161,0.0005471161
446,0.0,-0.6822123,0.00023940034,0.00023940034
447,0.0,-0.6822123,-0.0013724349,0.0013724349
448,0.0,-0.6822123,0.0013704253,0.0013704253
449,0.0,-0.6822123,0.00051767315,0.00051767315
450,0.0,-0.6822123,0.0009762152,0.0009762152
451,0.0,-0.6822123,-0.0014516338,0.0014516338
452,0.0,-0.6822123,-0.0005454731,0.0005454731
453,88.0,-0.2979835,0.0013843086,0.0013843086
454,0.0,-0.6822123,-0.001190124,0.001190124
455,0.0,-0.6822123,-0.0006060135,0.0006060135
456,0.0,-0.6822123,0.0005100308,0.0005100308
457,0.0,-0.6822123,0.0019396398,0.0019396398
458,0.0,-0.6822123,-0.0015824647,0.0015824647
459,0.0,-0.6822123,-0.00023091676,0.00023091676
460,130.0,-0.114601575,0.00021764002,0.00021764002
461,34.0,-0.53376025,0.0011691346,0.0011691346
462,0.0,-0.6822123,-0.0021263838,0.0021263838
463,0.0,-0.6822123,0.0026689216,0.0026689216
464,0.0,-0.6822123,0.00069770607,0.00069770607
465,0.0,-0.6822123,0.0004315968,0.0004315968
466,0.0,-0.6822123,-0.0015903253,0.0015903253
467,32.0,-0.54249275,0.0010321296,0.0010321296
468,0.0,-0.6822123,-0.0012158422,0.0012158422
469,0.0,-0.6822123,0.00025567072,0.00025567072
470,15.0,-0.6167187,0.0012316034,0.0012316034
471,21.0,-0.59052134,0.00067040476,0.00067040476
472,85.0,-0.3110822,3.5250203e-05,3.5250203e-05
473,143.0,-0.057840504,0.00024326362,0.00024326362
474,14.0,-0.621085,-0.00037725142,0.00037725142
475,9.0,-0.64291614,-7.277644e-05,7.277644e-05
476,23.0,-0.58178884,0.0016827018,0.0016827018
477,0.0,-0.6822123,-0.00044802425,0.00044802425
478,0.0,-0.6822123,-0.00029756172,0.00029756172
479,20.0,-0.59488755,2.420733e-05,2.420733e-05
480,3.0,-0.6691136,-0.00025884405,0.00025884405
481,0.0,-0.6822123,0.0003344111,0.0003344111
482,0.0,-0.6822123,-0.0006091234,0.0006091234
483,0.0,-0.6822123,-0.00052380987,0.00052380987
484,0.0,-0.6822123,0.0009279599,0.0009279599
485,61.0,-0.41587186,-0.00066440506,0.00066440506
486,9.0,-0.64291614,0.0007174368,0.0007174368
487,361.0,0.893999,-0.00019779644,0.00019779644
488,0.0,-0.6822123,0.0008336302,0.0008336302
489,17.0,-0.6079863,-0.0005759178,0.0005759178
490,219.0,0.27399343,-0.0013040194,0.0013040194
491,1111.0,4.1686764,0.013231859,0.013231859
492,386.0,1.0031549,-0.0026388967,0.0026388967
493,227.0,0.30892333,-0.00011828075,0.00011828075
494,361.0,0.893999,-0.0023767615,0.0023767615
495,568.0,1.7978098,3.1549644e-05,3.1549644e-05
496,469.0,1.3655525,-0.0024847526,0.0024847526
497,587.0,1.8807684,0.0024253167,0.0024253167
498,306.0,0.653856,-0.00084753975,0.00084753975
499,197.0,0.17793626,-0.00011953416,0.00011953416
500,550.0,1.7192177,0.001221362,0.001221362
501,306.0,0.653856,-0.0013795437,0.0013795437
502,18.0,-0.60362005,0.0017406206,0.0017406206
503,242.0,0.3744169,-0.00025128055,0.00025128055
504,286.0,0.56653124,8.4517684e-05,8.4517684e-05
505,425.0,1.1734381,-0.0011901276,0.0011901276
506,500.0,1.5009059,0.00073654397,0.00073654397
507,349.0,0.8416042,0.00022034369,0.00022034369
508,120.0,-0.15826394,0.00019435538,0.00019435538
509,64.0,-0.40277317,0.001191281,0.001191281
510,116.0,-0.17572889,0.0007230895,0.0007230895
511,38.0,-0.5162953,0.00014855126,0.00014855126
512,23.0,-0.58178884,-0.00023117858,0.00023117858
513,9.0,-0.64291614,0.00086800876,0.00086800876
514,14.0,-0.621085,0.00030061183,0.00030061183
515,6.0,-0.65601486,-0.00044451395,0.00044451395
516,11.0,-0.6341837,0.00037854473,0.00037854473
517,0.0,-0.6822123,0.0015347651,0.0015347651
518,0.0,-0.6822123,-0.0015364984,0.0015364984
519,0.0,-0.6822123,0.0004622332,0.0004622332
520,15.0,-0.6167187,0.00060182146,0.00060182146
521,0.0,-0.6822123,9.0355905e-05,9.0355905e-05
522,27.0,-0.5643239,0.00016934056,0.00016934056
523,23.0,-0.58178884,0.00062675803,0.00062675803
524,24.0,-0.5774226,0.0008265284,0.0008265284
525,8.0,-0.64728236,4.920736e-05,4.920736e-05
526,0.0,-0.6822123,0.0007925778,0.0007925778
527,73.0,-0.36347705,-0.000103180326,0.000103180326
528,0.0,-0.6822123,0.0012341912,0.0012341912
529,0.0,-0.6822123,-0.00076976576,0.00076976576
530,0.0,-0.6822123,0.0014833118,0.0014833118
531,0.0,-0.6822123,-0.0015969937,0.0015969937
532,0.0,-0.6822123,0.0010948401,0.0010948401
533,550.0,1.7192177,0.0016887999,0.0016887999
534,0.0,-0.6822123,0.0014316025,0.0014316025
535,125.0,-0.13643275,-0.00011254817,0.00011254817
536,0.0,-0.6822123,0.0014837285,0.0014837285
537,0.0,-0.6822123,-0.00061245373,0.00061245373
538,0.0,-0.6822123,0.000413455,0.000413455
539,0.0,-0.6822123,9.837405e-05,9.837405e-05
540,3.0,-0.6691136,-0.0013096258,0.0013096258
541,12.0,-0.6298174,0.0010911459,0.0010911459
542,49.0,-0.4682667,0.001357443,0.001357443
543,14.0,-0.621085,0.000597034,0.000597034
544,35.0,-0.52939403,0.00026905266,0.00026905266
545,40.0,-0.5075628,0.0017494791,0.0017494791
546,27.0,-0.5643239,-0.00070777896,0.00070777896
547,14.0,-0.621085,0.0004526617,0.0004526617
548,12.0,-0.6298174,0.00096113863,0.00096113863
549,8.0,-0.64728236,0.00011981421,0.00011981421
550,9.0,-0.64291614,0.00050803035,0.00050803035
551,5.0,-0.6603811,0.00010197909,0.00010197909
552,0.0,-0.6822123,-0.00044409174,0.00044409174
553,0.0,-0.6822123,-0.00037364068,0.00037364068
554,0.0,-0.6822123,0.0012092954,0.0012092954
555,37.0,-0.52066153,-0.0005075594,0.0005075594
556,20.0,-0.59488755,0.0003684077,0.0003684077
557,148.0,-0.036009323,5.1760224e-05,5.1760224e-05
558,29.0,-0.5555914,0.0006698845,0.0006698845
559,0.0,-0.6822123,-0.00074838096,0.00074838096
560,21.0,-0.59052134,0.0009064622,0.0009064622
561,49.0,-0.4682667,-8.214277e-06,8.214277e-06
562,0.0,-0.6822123,0.0012091076,0.0012091076
563,70.0,-0.37657574,-0.00031757035,0.00031757035
564,91.0,-0.28488478,0.00032994134,0.00032994134
565,0.0,-0.6822123,0.00037111234,0.00037111234
566,235.0,0.34385324,-0.0012033723,0.0012033723
567,1076.0,4.015858,0.009541692,0.009541692
568,606.0,1.9637269,-0.0026344913,0.0026344913
569,533.0,1.6449916,1.7290957e-05,1.7290957e-05
570,17.0,-0.6079863,0.00063510623,0.00063510623
571,148.0,-0.036009323,-1.6694441e-05,1.6694441e-05
572,197.0,0.17793626,-0.0002439635,0.0002439635
573,49.0,-0.4682667,0.0010798064,0.0010798064
574,197.0,0.17793626,-0.00019452395,0.00019452395
575,52.0,-0.455168,0.00049739867,0.00049739867
576,160.0,0.01638551,-3.0889038e-05,3.0889038e-05
577,411.0,1.1123108,0.0021407858,0.0021407858
578,268.0,0.48793903,-0.00064009964,0.00064009964
579,219.0,0.27399343,-2.3117158e-05,2.3117158e-05
580,94.0,-0.27178606,0.00092566776,0.00092566776
581,98.0,-0.25432113,0.0006171799,0.0006171799
582,0.0,-0.6822123,0.0012803191,0.0012803191
583,98.0,-0.25432113,0.00055272225,0.00055272225
584,454.0,1.300059,0.0011249086,0.0011249086
585,439.0,1.2345654,0.00044272552,0.00044272552
586,125.0,-0.13643275,0.00027777016,0.00027777016
587,14.0,-0.621085,0.0015124584,0.0015124584
588,116.0,-0.17572889,1.5658707e-05,1.5658707e-05
589,15.0,-0.6167187,0.0008540799,0.0008540799
590,37.0,-0.52066153,-0.00014943742,0.00014943742
591,12.0,-0.6298174,0.00016662413,0.00016662413
592,111.0,-0.19756006,8.809461e-06,8.809461e-06
593,18.0,-0.60362005,0.00044315046,0.00044315046
594,23.0,-0.58178884,-0.00035841213,0.00035841213
595,143.0,-0.057840504,-3.8669757e-05,3.8669757e-05
596,0.0,-0.6822123,0.0010183876,0.0010183876
597,29.0,-0.5555914,-0.0002593543,0.0002593543
598,0.0,-0.6822123,0.0015031245,0.0015031245
599,0.0,-0.6822123,-0.001726328,0.001726328
600,166.0,0.04258293,-0.00012922872,0.00012922872
601,533.0,1.6449916,0.0017763588,0.0017763588
602,568.0,1.7978098,-0.0027578976,0.0027578976
603,978.0,3.587967,0.0046636397,0.0046636397
604,626.0,2.0510516,-0.0026585513,0.0026585513
605,646.0,2.1383762,0.0016908459,0.0016908459
606,783.0,2.7365508,-0.0038796377,0.0038796377
607,759.0,2.631761,-0.0009549078,0.0009549078
608,219.0,0.27399343,-0.00060642953,0.00060642953
609,533.0,1.6449916,-0.00032193025,0.00032193025
610,835.0,2.9635952,-0.004960544,0.004960544
611,626.0,2.0510516,0.0014424139,0.0014424139
612,242.0,0.3744169,-0.0013760232,0.0013760232
613,1954.0,7.8494134,0.022439938,0.022439938
614,890.0,3.203738,-0.006291131,0.006291131
615,667.0,2.2300673,0.0011569522,0.0011569522
616,568.0,1.7978098,-0.0041092597,0.0041092597
617,277.0,0.52723515,-8.759407e-05,8.759407e-05
618,190.0,0.1473726,-0.00033255632,0.00033255632
619,178.0,0.09497776,-4.4661723e-05,4.4661723e-05
620,286.0,0.56653124,-0.00045724201,0.00045724201
621,172.0,0.06878035,-1.32262485e-05,1.32262485e-05
622,58.0,-0.42897058,0.0011543279,0.0011543279
623,91.0,-0.28488478,-0.00023487878,0.00023487878
624,34.0,-0.53376025,0.0019274692,0.0019274692
625,286.0,0.56653124,7.803839e-05,7.803839e-05
626,98.0,-0.25432113,0.0002377617,0.0002377617
627,79.0,-0.33727962,0.00041234144,0.00041234144
628,268.0,0.48793903,0.0007978219,0.0007978219
629,160.0,0.01638551,-5.942571e-05,5.942571e-05
630,172.0,0.06878035,5.2788255e-05,5.2788255e-05
631,49.0,-0.4682667,0.0017332048,0.0017332048
632,116.0,-0.17572889,-0.00031210063,0.00031210063
633,130.0,-0.114601575,0.00040702228,0.00040702228
634,268.0,0.48793903,0.0009971425,0.0009971425
635,296.0,0.6101936,-0.0012598429,0.0012598429
636,306.0,0.653856,0.00028235457,0.00028235457
637,79.0,-0.33727962,0.0010507142,0.0010507142
638,125.0,-0.13643275,-0.00014604858,0.00014604858
639,35.0,-0.52939403,0.0007886112,0.0007886112
640,219.0,0.27399343,0.00047559553,0.00047559553
641,259.0,0.44864288,-0.0011435827,0.0011435827
642,268.0,0.48793903,0.00010288739,0.00010288739
643,328.0,0.7499132,-0.0009767999,0.0009767999
644,485.0,1.4354123,-0.00013919442,0.00013919442
645,212.0,0.2434298,-0.00041306164,0.00041306164
646,235.0,0.34385324,0.00023930836,0.00023930836
647,550.0,1.7192177,-0.0034570417,0.0034570417
648,948.0,3.4569798,0.01167172,0.01167172
649,550.0,1.7192177,-0.0045420015,0.0045420015
650,835.0,2.9635952,-0.002001256,0.002001256
651,550.0,1.7192177,-0.0041228514,0.0041228514
652,646.0,2.1383762,0.0014633089,0.0014633089
653,139.0,-0.07530545,0.000150351,0.000150351
654,34.0,-0.53376025,0.0017335549,0.0017335549
655,734.0,2.5226052,0.006419188,0.006419188
656,485.0,1.4354123,-0.001976306,0.001976306
657,454.0,1.300059,0.00031511343,0.00031511343
658,328.0,0.7499132,-0.0007133009,0.0007133009
659,134.0,-0.09713663,-4.251287e-06,4.251287e-06
660,328.0,0.7499132,-0.0012800395,0.0012800395
661,139.0,-0.07530545,2.359465e-05,2.359465e-05
662,306.0,0.653856,-0.0017159225,0.0017159225
663,626.0,2.0510516,0.0073710834,0.0073710834
664,250.0,0.40934676,-0.00097648293,0.00097648293
665,398.0,1.0555497,0.0016531063,0.0016531063
666,328.0,0.7499132,-0.0018228217,0.0018228217
667,338.0,0.7935755,0.00079801085,0.00079801085
668,306.0,0.653856,-0.0017337671,0.0017337671
669,235.0,0.34385324,0.0003403424,0.0003403424
670,219.0,0.27399343,-0.00029117838,0.00029117838
671,398.0,1.0555497,-0.00096920185,0.00096920185
672,306.0,0.653856,0.0003763202,0.0003763202
673,242.0,0.3744169,-0.00013994415,0.00013994415
674,398.0,1.0555497,-0.0008754406,0.0008754406
675,338.0,0.7935755,-0.0010918546,0.0010918546
676,242.0,0.3744169,0.00020798322,0.00020798322
677,111.0,-0.19756006,0.00032493664,0.00032493664
678,568.0,1.7978098,-0.001106751,0.001106751
679,890.0,3.203738,0.0052231783,0.0052231783
680,689.0,2.3261247,-0.00037058306,0.00037058306
681,533.0,1.6449916,-0.001039674,0.001039674
682,398.0,1.0555497,-0.0014833101,0.0014833101
683,296.0,0.6101936,0.00021838715,0.00021838715
684,242.0,0.3744169,-0.0006835732,0.0006835732
685,550.0,1.7192177,0.00013208785,0.00013208785
686,306.0,0.653856,-0.0016119096,0.0016119096
687,500.0,1.5009059,0.0045425887,0.0045425887
688,533.0,1.6449916,-0.0034228205,0.0034228205
689,398.0,1.0555497,0.0009367023,0.0009367023
690,286.0,0.56653124,-0.0013742464,0.0013742464
691,646.0,2.1383762,0.003005829,0.003005829
692,277.0,0.52723515,-0.001239709,0.001239709
693,454.0,1.300059,0.0002961935,0.0002961935
694,425.0,1.1734381,-0.0021991685,0.0021991685
695,485.0,1.4354123,-0.0010199172,0.0010199172
696,712.0,2.426548,0.005393142,0.005393142
697,286.0,0.56653124,-0.0015748638,0.0015748638
698,425.0,1.1734381,0.0013791518,0.0013791518
699,242.0,0.3744169,-0.0007983484,0.0007983484
700,373.0,0.94639385,0.0016229262,0.0016229262
701,49.0,-0.4682667,0.0005885827,0.0005885827
702,98.0,-0.25432113,0.00029366536,0.00029366536
703,227.0,0.30892333,4.666712e-05,4.666712e-05
704,166.0,0.04258293,-0.00011934014,0.00011934014
705,439.0,1.2345654,0.0026096606,0.0026096606
706,398.0,1.0555497,-0.0018357764,0.0018357764
707,517.0,1.5751318,0.0024148168,0.0024148168
708,454.0,1.300059,0.00022724389,0.00022724389
709,227.0,0.30892333,-0.00048606665,0.00048606665
710,134.0,-0.09713663,3.0844385e-05,3.0844385e-05
711,184.0,0.12117518,-0.00029883653,0.00029883653
712,349.0,0.8416042,4.1496958e-05,4.1496958e-05
713,286.0,0.56653124,-0.0008180887,0.0008180887
714,425.0,1.1734381,0.00060231006,0.00060231006
715,259.0,0.44864288,-0.00047602883,0.00047602883
716,190.0,0.1473726,-0.00021918774,0.00021918774
717,306.0,0.653856,-0.00070340186,0.00070340186
718,91.0,-0.28488478,0.0006248086,0.0006248086
719,296.0,0.6101936,0.0017018847,0.0017018847
720,139.0,-0.07530545,0.00034214882,0.00034214882
721,259.0,0.44864288,0.0014623209,0.0014623209
722,178.0,0.09497776,-0.00018625769,0.00018625769
723,235.0,0.34385324,0.00068980496,0.00068980496
724,235.0,0.34385324,-0.0010665032,0.0010665032
725,250.0,0.40934676,0.00041201976,0.00041201976
726,82.0,-0.3241809,0.001423082,0.001423082
727,143.0,-0.057840504,-7.431624e-05,7.431624e-05
728,212.0,0.2434298,-0.0013871633,0.0013871633
729,783.0,2.7365508,0.010651106,0.010651106
730,317.0,0.70188457,-0.002681252,0.002681252
731,268.0,0.48793903,6.332042e-05,6.332042e-05
732,154.0,-0.009811906,1.6745122e-05,1.6745122e-05
733,139.0,-0.07530545,0.00012865038,0.00012865038
734,306.0,0.653856,-0.0007534348,0.0007534348
735,154.0,-0.009811906,1.8085257e-05,1.8085257e-05
736,317.0,0.70188457,0.0014914095,0.0014914095
737,38.0,-0.5162953,0.0020478324,0.0020478324
738,49.0,-0.4682667,-0.0012709519,0.0012709519
739,47.0,-0.47699916,0.0018192759,0.0018192759
740,139.0,-0.07530545,-0.00010721061,0.00010721061
741,125.0,-0.13643275,0.0004251008,0.0004251008
742,286.0,0.56653124,0.0009922627,0.0009922627
743,268.0,0.48793903,-0.0010073155,0.0010073155
744,219.0,0.27399343,-0.00042901383,0.00042901383
745,116.0,-0.17572889,0.00021209057,0.00021209057
746,178.0,0.09497776,-8.202166e-06,8.202166e-06
747,398.0,1.0555497,-0.002784623,0.002784623
748,361.0,0.893999,0.00076932786,0.00076932786
749,277.0,0.52723515,-0.0017594947,0.0017594947
750,587.0,1.8807684,0.005787189,0.005787189
751,439.0,1.2345654,-0.0030427007,0.0030427007
752,425.0,1.1734381,0.002134411,0.002134411
753,172.0,0.06878035,-0.000227688,0.000227688
754,259.0,0.44864288,0.00049038604,0.00049038604
755,64.0,-0.40277317,0.0013821289,0.0013821289
756,148.0,-0.036009323,-6.392726e-05,6.392726e-05
757,219.0,0.27399343,-0.0011051816,0.0011051816
758,411.0,1.1123108,0.0034256077,0.0034256077
759,338.0,0.7935755,-0.0007510517,0.0007510517
760,425.0,1.1734381,0.0008421835,0.0008421835
761,286.0,0.56653124,-0.0013981321,0.0013981321
762,242.0,0.3744169,0.00061373744,0.00061373744
763,235.0,0.34385324,-0.00097559585,0.00097559585
764,212.0,0.2434298,-5.202163e-05,5.202163e-05
765,219.0,0.27399343,-0.0006592961,0.0006592961
766,227.0,0.30892333,0.00043478762,0.00043478762
767,61.0,-0.41587186,0.0007632738,0.0007632738
768,219.0,0.27399343,-0.0005977477,0.0005977477
769,306.0,0.653856,0.00015347844,0.00015347844
770,349.0,0.8416042,-0.0014992739,0.0014992739
771,361.0,0.893999,-9.914531e-05,9.914531e-05
772,134.0,-0.09713663,0.00028067757,0.00028067757
773,425.0,1.1734381,0.0048472164,0.0048472164
774,485.0,1.4354123,-0.0050079403,0.0050079403
775,361.0,0.893999,0.0018035504,0.0018035504
776,98.0,-0.25432113,0.0011372371,0.0011372371
777,58.0,-0.42897058,-0.00061261887,0.00061261887
778,17.0,-0.6079863,0.002091225,0.002091225
779,386.0,1.0031549,0.0036088508,0.0036088508
780,15.0,-0.6167187,0.0027771636,0.0027771636
781,197.0,0.17793626,0.0002625514,0.0002625514
782,235.0,0.34385324,-0.00093236583,0.00093236583
783,235.0,0.34385324,0.00024221599,0.00024221599
784,5.0,-0.6603811,0.0024775802,0.0024775802
785,166.0,0.04258293,2.3587072e-05,2.3587072e-05
786,373.0,0.94639385,-0.0011361468,0.0011361468
787,349.0,0.8416042,0.0007779763,0.0007779763
788,130.0,-0.114601575,0.0003082386,0.0003082386
789,91.0,-0.28488478,-0.00015316119,0.00015316119
790,148.0,-0.036009323,0.00010118553,0.00010118553
791,227.0,0.30892333,-3.0551342e-05,3.0551342e-05
792,190.0,0.1473726,-0.00046209985,0.00046209985
793,102.0,-0.23685619,-0.00011691255,0.00011691255
794,40.0,-0.5075628,0.0017344719,0.0017344719
795,386.0,1.0031549,0.0017656412,0.0017656412
796,184.0,0.12117518,-7.33622e-05,7.33622e-05
797,143.0,-0.057840504,6.975755e-05,6.975755e-05
798,328.0,0.7499132,0.00053113565,0.00053113565
799,160.0,0.01638551,-4.202839e-05,4.202839e-05
800,328.0,0.7499132,-0.00010355122,0.00010355122
801,277.0,0.52723515,-0.00039403225,0.00039403225
802,259.0,0.44864288,-0.00021834967,0.00021834967
803,361.0,0.893999,0.00037604908,0.00037604908
804,197.0,0.17793626,-0.00019512144,0.00019512144
805,454.0,1.300059,0.0006077249,0.0006077249
806,398.0,1.0555497,-0.0006692107,0.0006692107
807,550.0,1.7192177,0.0007481722,0.0007481722
808,469.0,1.3655525,-0.0011077399,0.0011077399
809,88.0,-0.2979835,0.00018998345,0.00018998345
810,550.0,1.7192177,-0.0018734217,0.0018734217
811,734.0,2.5226052,0.0011005432,0.0011005432
812,425.0,1.1734381,-0.00022288579,0.00022288579
813,734.0,2.5226052,-0.0032988733,0.0032988733
814,1260.0,4.8192453,0.006716818,0.006716818
815,759.0,2.631761,-0.0061540245,0.0061540245
816,1111.0,4.1686764,0.0057804724,0.0057804724
817,862.0,3.0814834,-0.005241689,0.005241689
818,835.0,2.9635952,0.0037977933,0.0037977933
819,361.0,0.893999,-0.0012738102,0.0012738102
820,500.0,1.5009059,0.00025251016,0.00025251016
821,439.0,1.2345654,6.7092944e-05,6.7092944e-05
822,47.0,-0.47699916,0.00023347401,0.00023347401
823,43.0,-0.49446413,0.00021875207,0.00021875207
824,190.0,0.1473726,-0.00015877679,0.00015877679
825,49.0,-0.4682667,-0.0002795867,0.0002795867
826,235.0,0.34385324,-0.0007336446,0.0007336446
827,517.0,1.5751318,0.0017345542,0.0017345542
828,111.0,-0.19756006,0.00055396394,0.00055396394
829,1725.0,6.8495455,0.021734234,0.021734234
830,646.0,2.1383762,-0.0050491067,0.0050491067
831,361.0,0.893999,0.0005310945,0.0005310945
832,212.0,0.2434298,-0.0005591271,0.0005591271
833,197.0,0.17793626,1.4637912e-05,1.4637912e-05
834,172.0,0.06878035,-6.368427e-05,6.368427e-05
835,107.0,-0.21502501,9.593325e-05,9.593325e-05
836,64.0,-0.40277317,7.422569e-05,7.422569e-05
837,73.0,-0.36347705,0.0002041922,0.0002041922
838,172.0,0.06878035,-6.859267e-05,6.859267e-05
839,306.0,0.653856,-0.00059794524,0.00059794524
840,759.0,2.631761,0.0031206396,0.0031206396
841,835.0,2.9635952,-0.0030065477,0.0030065477
842,550.0,1.7192177,0.00093443174,0.00093443174
843,835.0,2.9635952,-0.0040278966,0.0040278966
844,734.0,2.5226052,0.0023467736,0.0023467736
845,296.0,0.6101936,-0.0016038899,0.0016038899
846,606.0,1.9637269,0.0008197435,0.0008197435
847,306.0,0.653856,-0.0016930861,0.0016930861
848,533.0,1.6449916,0.002693762,0.002693762
849,454.0,1.300059,-0.0013838403,0.0013838403
850,469.0,1.3655525,0.00075661193,0.00075661193
851,398.0,1.0555497,-0.00049089256,0.00049089256
852,268.0,0.48793903,-0.00051200145,0.00051200145
853,425.0,1.1734381,0.0012415174,0.0012415174
854,485.0,1.4354123,-0.0032489898,0.0032489898
855,500.0,1.5009059,0.0018394291,0.0018394291
856,425.0,1.1734381,-0.0025974796,0.0025974796
857,500.0,1.5009059,0.0019385592,0.0019385592
858,411.0,1.1123108,-0.0026793175,0.0026793175
859,1042.0,3.867406,0.0071014715,0.0071014715
860,948.0,3.4569798,-0.0017283356,0.0017283356
861,439.0,1.2345654,2.2576993e-05,2.2576993e-05
862,338.0,0.7935755,-0.0014437002,0.0014437002
863,485.0,1.4354123,-0.00038144746,0.00038144746
864,517.0,1.5751318,0.0012530725,0.0012530725
865,160.0,0.01638551,-2.4552424e-05,2.4552424e-05
866,143.0,-0.057840504,7.614714e-05,7.614714e-05
867,125.0,-0.13643275,-5.4078606e-05,5.4078606e-05
868,130.0,-0.114601575,0.00020450618,0.00020450618
869,242.0,0.3744169,-0.0006488342,0.0006488342
870,268.0,0.48793903,-0.0009519225,0.0009519225
871,286.0,0.56653124,-0.0008571519,0.0008571519
872,425.0,1.1734381,0.0013337631,0.0013337631
873,425.0,1.1734381,0.00016078481,0.00016078481
874,6.0,-0.65601486,0.0011280322,0.0011280322
875,0.0,-0.6822123,0.0004988875,0.0004988875
876,166.0,0.04258293,-4.578401e-05,4.578401e-05
877,37.0,-0.52066153,-0.00026098915,0.00026098915
878,11.0,-0.6341837,0.0011360404,0.0011360404
879,0.0,-0.6822123,0.0006344307,0.0006344307
880,0.0,-0.6822123,0.0008133552,0.0008133552
881,0.0,-0.6822123,-0.0016827611,0.0016827611
882,0.0,-0.6822123,0.0007245352,0.0007245352
883,0.0,-0.6822123,-0.000510996,0.000510996
884,0.0,-0.6822123,0.0012319344,0.0012319344
885,0.0,-0.6822123,0.00044606166,0.00044606166
886,0.0,-0.6822123,0.00038456568,0.00038456568
887,52.0,-0.455168,0.0006491493,0.0006491493
888,0.0,-0.6822123,0.0008515107,0.0008515107
889,0.0,-0.6822123,-0.00080104906,0.00080104906
890,0.0,-0.6822123,0.0010917946,0.0010917946
891,0.0,-0.6822123,0.0005399067,0.0005399067
892,0.0,-0.6822123,6.529896e-05,6.529896e-05
893,0.0,-0.6822123,5.0809376e-06,5.0809376e-06
894,212.0,0.2434298,-0.00051674753,0.00051674753
895,533.0,1.6449916,0.0005852856,0.0005852856
896,6.0,-0.65601486,0.002385393,0.002385393
897,8.0,-0.64728236,-0.0015694316,0.0015694316
898,0.0,-0.6822123,0.0021463984,0.0021463984
899,0.0,-0.6822123,5.8480196e-05,5.8480196e-05
900,0.0,-0.6822123,0.001002228,0.001002228
901,0.0,-0.6822123,0.0008687179,0.0008687179
902,0.0,-0.6822123,-0.00015345869,0.00015345869
903,0.0,-0.6822123,0.0014325336,0.0014325336
904,0.0,-0.6822123,-0.00095120724,0.00095120724
905,0.0,-0.6822123,0.0027249348,0.0027249348
906,0.0,-0.6822123,-0.0014615137,0.0014615137
907,0.0,-0.6822123,0.0016095428,0.0016095428
908,0.0,-0.6822123,-0.0010524672,0.0010524672
909,0.0,-0.6822123,0.0024130489,0.0024130489
910,0.0,-0.6822123,-0.0016069079,0.0016069079
911,0.0,-0.6822123,0.002262646,0.002262646
912,0.0,-0.6822123,-0.0010429985,0.0010429985
913,0.0,-0.6822123,0.0020191146,0.0020191146
914,0.0,-0.6822123,-0.0016452147,0.0016452147
915,0.0,-0.6822123,0.001989644,0.001989644
916,0.0,-0.6822123,-0.0008942355,0.0008942355
917,0.0,-0.6822123,0.002001699,0.002001699
918,0.0,-0.6822123,-0.0016040369,0.0016040369
919,0.0,-0.6822123,0.002031512,0.002031512
920,0.0,-0.6822123,-0.0008945781,0.0008945781
921,0.0,-0.6822123,0.0020013503,0.0020013503
922,0.0,-0.6822123,-0.0016033478,0.0016033478
923,0.0,-0.6822123,0.002031417,0.002031417
924,0.0,-0.6822123,-0.0008945781,0.0008945781
925,0.0,-0.6822123,0.0019424263,0.0019424263
926,0.0,-0.6822123,-0.0015708989,0.0015708989
927,0.0,-0.6822123,0.0020059193,0.0020059193
928,0.0,-0.6822123,-0.00088574685,0.00088574685
929,0.0,-0.6822123,0.0017558648,0.0017558648
930,0.0,-0.6822123,-0.0014567953,0.0014567953
931,0.0,-0.6822123,0.0019127037,0.0019127037
932,0.0,-0.6822123,-0.0007992015,0.0007992015
933,0.0,-0.6822123,0.0013989522,0.0013989522
934,0.0,-0.6822123,-0.0013415259,0.0013415259
935,0.0,-0.6822123,0.0018991961,0.0018991961
936,0.0,-0.6822123,-0.0006996642,0.0006996642
937,0.0,-0.6822123,0.00032454028,0.00032454028
938,0.0,-0.6822123,-0.0013042429,0.0013042429
939,0.0,-0.6822123,0.0013832786,0.0013832786
940,0.0,-0.6822123,-0.0006992632,0.0006992632
941,0.0,-0.6822123,0.00073548383,0.00073548383
942,0.0,-0.6822123,-0.00041030624,0.00041030624
943,0.0,-0.6822123,0.00078146806,0.00078146806
944,0.0,-0.6822123,-0.0006873933,0.0006873933
945,0.0,-0.6822123,0.0007322524,0.0007322524
946,0.0,-0.6822123,0.00028873663,0.00028873663
947,49.0,-0.4682667,-0.00039690363,0.00039690363
948,55.0,-0.4420693,0.0010919755,0.0010919755
949,587.0,1.8807684,0.0032486096,0.0032486096
950,70.0,-0.37657574,0.0014749764,0.0014749764
951,626.0,2.0510516,0.0048586987,0.0048586987
952,338.0,0.7935755,-0.0021654712,0.0021654712
953,533.0,1.6449916,0.00039807314,0.00039807314
954,606.0,1.9637269,-0.002160042,0.002160042
955,338.0,0.7935755,-0.00049185177,0.00049185177
956,259.0,0.44864288,-0.00043341494,0.00043341494
957,227.0,0.30892333,7.968558e-06,7.968558e-06
958,469.0,1.3655525,-0.0018023078,0.0018023078
959,398.0,1.0555497,-0.00031882952,0.00031882952
960,227.0,0.30892333,-0.00037594137,0.00037594137
961,286.0,0.56653124,0.0005568491,0.0005568491
962,227.0,0.30892333,-0.00073381624,0.00073381624
963,568.0,1.7978098,0.0034750756,0.0034750756
964,268.0,0.48793903,-0.0007977479,0.0007977479
965,277.0,0.52723515,-0.0007916722,0.0007916722
966,242.0,0.3744169,8.129984e-05,8.129984e-05
967,306.0,0.653856,-0.001238804,0.001238804
968,809.0,2.8500729,0.0054168655,0.0054168655
969,398.0,1.0555497,-0.002765373,0.002765373
970,361.0,0.893999,0.00066665164,0.00066665164
971,606.0,1.9637269,-0.0033908354,0.0033908354
972,667.0,2.2300673,0.0040558684,0.0040558684
973,242.0,0.3744169,-0.0008709318,0.0008709318
974,317.0,0.70188457,-0.0003980519,0.0003980519
975,250.0,0.40934676,-0.00047931302,0.00047931302
976,328.0,0.7499132,0.00061288,0.00061288
977,306.0,0.653856,-0.0008665366,0.0008665366
978,250.0,0.40934676,0.00033187665,0.00033187665
979,235.0,0.34385324,-0.00024336718,0.00024336718
980,328.0,0.7499132,0.00045897774,0.00045897774
981,306.0,0.653856,-0.0012389122,0.0012389122
982,349.0,0.8416042,0.0007204155,0.0007204155
983,102.0,-0.23685619,0.0003699775,0.0003699775
984,454.0,1.300059,0.0014198483,0.0014198483
985,184.0,0.12117518,-0.00013794591,0.00013794591
986,268.0,0.48793903,-0.00024816624,0.00024816624
987,517.0,1.5751318,-0.00021137143,0.00021137143
988,646.0,2.1383762,-0.001972494,0.001972494
989,689.0,2.3261247,0.0010402362,0.0010402362
990,454.0,1.300059,-0.0032933257,0.0032933257
991,890.0,3.203738,0.0055738883,0.0055738883
992,783.0,2.7365508,-0.0030098348,0.0030098348
993,439.0,1.2345654,0.0008999626,0.0008999626
994,349.0,0.8416042,-0.0018123193,0.0018123193
995,626.0,2.0510516,1.5078861e-05,1.5078861e-05
996,425.0,1.1734381,6.108492e-05,6.108492e-05
997,8.0,-0.64728236,0.00087333965,0.00087333965
998,349.0,0.8416042,2.2229877e-05,2.2229877e-05
999,646.0,2.1383762,-0.0013649906,0.0013649906
1000,835.0,2.9635952,0.00433786,0.00433786
1001,606.0,1.9637269,-0.004723721,0.004723721
1002,809.0,2.8500729,0.005331791,0.005331791
1003,533.0,1.6449916,-0.0061871842,0.0061871842
1004,373.0,0.94639385,0.0012824173,0.0012824173
1005,102.0,-0.23685619,0.0008707893,0.0008707893
1006,862.0,3.0814834,0.0075057056,0.0075057056
1007,759.0,2.631761,-0.0027390085,0.0027390085
1008,425.0,1.1734381,0.00027587469,0.00027587469
1009,286.0,0.56653124,-0.00063312636,0.00063312636
1010,286.0,0.56653124,0.00050596497,0.00050596497
1011,20.0,-0.59488755,0.0004421193,0.0004421193
1012,6.0,-0.65601486,-0.00015920943,0.00015920943
1013,3.0,-0.6691136,-1.7310533e-05,1.7310533e-05
1014,3.0,-0.6691136,-9.302311e-05,9.302311e-05
1015,58.0,-0.42897058,0.00021428616,0.00021428616
1016,0.0,-0.6822123,-1.6029471e-05,1.6029471e-05
1017,46.0,-0.4813654,0.0008806263,0.0008806263
1018,58.0,-0.42897058,0.0003825002,0.0003825002
1019,38.0,-0.5162953,0.0017070507,0.0017070507
1020,919.0,3.330359,0.011763369,0.011763369
1021,712.0,2.426548,-0.006350664,0.006350664
1022,485.0,1.4354123,0.0013511201,0.0013511201
1023,98.0,-0.25432113,0.00060813845,0.00060813845
1024,235.0,0.34385324,0.00021513445,0.00021513445
1025,111.0,-0.19756006,0.00030114743,0.00030114743
1026,277.0,0.52723515,-0.0006776894,0.0006776894
1027,227.0,0.30892333,-0.0001114948,0.0001114948
1028,116.0,-0.17572889,0.00012146809,0.00012146809
1029,250.0,0.40934676,-0.00013642714,0.00013642714
1030,172.0,0.06878035,-0.0001364789,0.0001364789
1031,485.0,1.4354123,0.00087322475,0.00087322475
1032,783.0,2.7365508,0.0022303,0.0022303
1033,454.0,1.300059,2.7576769e-05,2.7576769e-05
1034,184.0,0.12117518,-0.00019611679,0.00019611679
1035,306.0,0.653856,0.00023820443,0.00023820443
1036,328.0,0.7499132,-0.0016131626,0.0016131626
1037,398.0,1.0555497,-0.00023187464,0.00023187464
1038,154.0,-0.009811906,-5.9401905e-06,5.9401905e-06
1039,190.0,0.1473726,-9.745041e-05,9.745041e-05
1040,606.0,1.9637269,0.0028019364,0.0028019364
1041,296.0,0.6101936,-0.00074104243,0.00074104243
1042,204.0,0.20849991,-0.00016524454,0.00016524454
1043,338.0,0.7935755,-0.00073450326,0.00073450326
1044,667.0,2.2300673,0.0015373307,0.0015373307
1045,835.0,2.9635952,-0.0014138757,0.0014138757
1046,890.0,3.203738,-0.0014491843,0.0014491843
1047,835.0,2.9635952,-0.0028022856,0.0028022856
1048,550.0,1.7192177,-0.00120828,0.00120828
1049,197.0,0.17793626,-0.00042504078,0.00042504078
1050,259.0,0.44864288,0.00020638623,0.00020638623
1051,454.0,1.300059,-0.004974166,0.004974166
1052,1010.0,3.7276864,0.013191044,0.013191044
1053,500.0,1.5009059,-0.0022720383,0.0022720383
1054,190.0,0.1473726,4.0748702e-05,4.0748702e-05
1055,184.0,0.12117518,-0.00016576338,0.00016576338
1056,227.0,0.30892333,-0.0001922364,0.0001922364
1057,212.0,0.2434298,-0.00019456194,0.00019456194
1058,227.0,0.30892333,-0.00016248632,0.00016248632
1059,125.0,-0.13643275,8.1939e-05,8.1939e-05
1060,148.0,-0.036009323,6.099568e-05,6.099568e-05
1061,550.0,1.7192177,0.0051220357,0.0051220357
1062,296.0,0.6101936,-0.0011563383,0.0011563383
1063,120.0,-0.15826394,-9.91346e-05,9.91346e-05
1064,98.0,-0.25432113,0.00083839317,0.00083839317
1065,533.0,1.6449916,0.0027841507,0.0027841507
1066,550.0,1.7192177,-0.0032823829,0.0032823829
1067,646.0,2.1383762,0.0028288397,0.0028288397
1068,349.0,0.8416042,-0.0017249745,0.0017249745
1069,277.0,0.52723515,-0.00018208042,0.00018208042
1070,306.0,0.653856,-0.0004583317,0.0004583317
1071,425.0,1.1734381,-0.0025838148,0.0025838148
1072,250.0,0.40934676,-0.0001470408,0.0001470408
1073,296.0,0.6101936,-0.0014329638,0.0014329638
1074,809.0,2.8500729,0.0069397558,0.0069397558
1075,734.0,2.5226052,-0.0069176294,0.0069176294
1076,667.0,2.2300673,0.0032864474,0.0032864474
1077,250.0,0.40934676,-0.0013473876,0.0013473876
1078,568.0,1.7978098,0.0025005937,0.0025005937
1079,116.0,-0.17572889,0.0006144941,0.0006144941
1080,411.0,1.1123108,0.0027777418,0.0027777418
1081,190.0,0.1473726,-0.0005161918,0.0005161918
1082,349.0,0.8416042,0.001133845,0.001133845
1083,178.0,0.09497776,-0.00026167245,0.00026167245
1084,425.0,1.1734381,0.0048516723,0.0048516723
1085,107.0,-0.21502501,0.00070267066,0.00070267066
1086,328.0,0.7499132,0.00088894414,0.00088894414
1087,184.0,0.12117518,-0.00037266465,0.00037266465
1088,306.0,0.653856,0.0012668984,0.0012668984
1089,160.0,0.01638551,-5.387722e-05,5.387722e-05
1090,361.0,0.893999,0.0005878026,0.0005878026
1091,398.0,1.0555497,-0.00087541254,0.00087541254
1092,242.0,0.3744169,0.00016629776,0.00016629776
1093,439.0,1.2345654,-0.0012830067,0.0012830067
1094,485.0,1.4354123,0.001397738,0.001397738
1095,98.0,-0.25432113,0.0004566558,0.0004566558
1096,204.0,0.20849991,-0.00025587447,0.00025587447
1097,259.0,0.44864288,-0.0005521505,0.0005521505
1098,212.0,0.2434298,-4.5626955e-05,4.5626955e-05
1099,184.0,0.12117518,-8.369024e-06,8.369024e-06
1100,306.0,0.653856,-0.0011813377,0.0011813377
1101,626.0,2.0510516,0.004300449,0.004300449
1102,550.0,1.7192177,-0.003048058,0.003048058
1103,349.0,0.8416042,0.00069723086,0.00069723086
1104,125.0,-0.13643275,0.0005300028,0.0005300028
1105,587.0,1.8807684,0.0034831741,0.0034831741
1106,277.0,0.52723515,-0.0014683536,0.0014683536
1107,759.0,2.631761,0.0060516787,0.0060516787
1108,712.0,2.426548,-0.0058332444,0.0058332444
1109,533.0,1.6449916,0.0022613772,0.0022613772
1110,533.0,1.6449916,-0.0065885056,0.0065885056
1111,689.0,2.3261247,0.0029087442,0.0029087442
1112,277.0,0.52723515,-0.0018795059,0.0018795059
1113,626.0,2.0510516,0.0025426273,0.0025426273
1114,178.0,0.09497776,-0.0003634256,0.0003634256
1115,606.0,1.9637269,0.005482974,0.005482974
1116,712.0,2.426548,-0.0013921062,0.0013921062
1117,411.0,1.1123108,0.00094571937,0.00094571937
1118,139.0,-0.07530545,0.00019373585,0.00019373585
1119,82.0,-0.3241809,0.0002647864,0.0002647864
1120,134.0,-0.09713663,4.8141665e-05,4.8141665e-05
1121,61.0,-0.41587186,0.0012904406,0.0012904406
1122,148.0,-0.036009323,4.268525e-06,4.268525e-06
1123,190.0,0.1473726,-0.00025375662,0.00025375662
1124,61.0,-0.41587186,-0.00047270907,0.00047270907
1125,14.0,-0.621085,0.002040571,0.002040571
1126,328.0,0.7499132,0.0020228226,0.0020228226
1127,178.0,0.09497776,-0.00024110365,0.00024110365
1128,204.0,0.20849991,-0.00011837999,0.00011837999
1129,98.0,-0.25432113,0.001068563,0.001068563
1130,58.0,-0.42897058,-0.00049407914,0.00049407914
1131,91.0,-0.28488478,0.00094489206,0.00094489206
1132,286.0,0.56653124,0.0006054971,0.0006054971
1133,306.0,0.653856,-0.0019585635,0.0019585635
1134,204.0,0.20849991,0.00020759448,0.00020759448
1135,166.0,0.04258293,-0.00012221101,0.00012221101
1136,242.0,0.3744169,0.0007828585,0.0007828585
1137,277.0,0.52723515,-0.0023184156,0.0023184156
1138,439.0,1.2345654,5.8629385e-06,5.8629385e-06
1139,386.0,1.0031549,-0.0013646492,0.0013646492
1140,533.0,1.6449916,-0.0011809008,0.0011809008
1141,500.0,1.5009059,0.00037907768,0.00037907768
1142,296.0,0.6101936,-0.0015441402,0.0015441402
1143,689.0,2.3261247,0.0074123717,0.0074123717
1144,386.0,1.0031549,-0.0037452497,0.0037452497
1145,411.0,1.1123108,0.0020909694,0.0020909694
1146,317.0,0.70188457,-0.00072580465,0.00072580465
1147,197.0,0.17793626,-5.0400067e-05,5.0400067e-05
1148,79.0,-0.33727962,0.0006045422,0.0006045422
1149,148.0,-0.036009323,5.5642977e-05,5.5642977e-05
1150,259.0,0.44864288,-0.00039278658,0.00039278658
1151,160.0,0.01638551,-1.0063523e-05,1.0063523e-05
1152,373.0,0.94639385,-0.0018937311,0.0018937311
1153,386.0,1.0031549,0.00250668,0.00250668
1154,227.0,0.30892333,-0.001721243,0.001721243
1155,259.0,0.44864288,0.0010244151,0.0010244151
1156,55.0,-0.4420693,0.0021225829,0.0021225829
1157,454.0,1.300059,0.006374469,0.006374469
1158,55.0,-0.4420693,0.0014136845,0.0014136845
1159,0.0,-0.6822123,-0.00040148536,0.00040148536
1160,184.0,0.12117518,-0.0001663713,0.0001663713
1161,0.0,-0.6822123,-0.0011818652,0.0011818652
1162,18.0,-0.60362005,0.0005636825,0.0005636825
1163,27.0,-0.5643239,9.580121e-05,9.580121e-05
1164,0.0,-0.6822123,-0.00018403491,0.00018403491
1165,9.0,-0.64291614,0.000607926,0.000607926
1166,9.0,-0.64291614,0.00075024035,0.00075024035
1167,9.0,-0.64291614,-4.5184228e-05,4.5184228e-05
1168,268.0,0.48793903,-0.0016460591,0.0016460591
1169,469.0,1.3655525,0.00413289,0.00413289
1170,277.0,0.52723515,-0.0022192027,0.0022192027
1171,349.0,0.8416042,0.0013906368,0.0013906368
1172,172.0,0.06878035,-0.00026907344,0.00026907344
1173,296.0,0.6101936,0.0010456827,0.0010456827
1174,47.0,-0.47699916,0.00095175084,0.00095175084
1175,277.0,0.52723515,0.00046227657,0.00046227657
1176,268.0,0.48793903,-0.00096258026,0.00096258026
1177,242.0,0.3744169,-0.00080800283,0.00080800283
1178,160.0,0.01638551,-1.4499588e-05,1.4499588e-05
1179,204.0,0.20849991,-0.0008693157,0.0008693157
1180,809.0,2.8500729,0.013741541,0.013741541
1181,550.0,1.7192177,-0.007770404,0.007770404
1182,568.0,1.7978098,0.0028960044,0.0028960044
1183,227.0,0.30892333,-0.0009540397,0.0009540397
1184,454.0,1.300059,0.0029812339,0.0029812339
1185,306.0,0.653856,-0.0015806187,0.0015806187
1186,190.0,0.1473726,2.066025e-05,2.066025e-05
1187,184.0,0.12117518,2.7797292e-05,2.7797292e-05
1188,17.0,-0.6079863,0.00095445535,0.00095445535
1189,0.0,-0.6822123,-0.0003110201,0.0003110201
1190,9.0,-0.64291614,0.001117797,0.001117797
1191,0.0,-0.6822123,-0.00032121086,0.00032121086
1192,154.0,-0.009811906,3.6762685e-05,3.6762685e-05
1193,862.0,3.0814834,0.009920035,0.009920035
1194,809.0,2.8500729,-0.0028495253,0.0028495253
1195,373.0,0.94639385,-7.870975e-05,7.870975e-05
1196,306.0,0.653856,-0.0010349,0.0010349
1197,328.0,0.7499132,-0.00040180862,0.00040180862
1198,250.0,0.40934676,-0.0008423296,0.0008423296
1199,349.0,0.8416042,-0.00025265035,0.00025265035
1200,734.0,2.5226052,0.00025663822,0.00025663822
1201,469.0,1.3655525,-0.000867649,0.000867649
1202,212.0,0.2434298,-0.00035308348,0.00035308348
1203,373.0,0.94639385,-0.0016129375,0.0016129375
1204,197.0,0.17793626,-0.00035195187,0.00035195187
1205,277.0,0.52723515,-0.00091343257,0.00091343257
1206,759.0,2.631761,0.00067466154,0.00067466154
1207,862.0,3.0814834,0.0066472846,0.0066472846
1208,29.0,-0.5555914,0.0019512167,0.0019512167
1209,58.0,-0.42897058,-0.00012015194,0.00012015194
1210,21.0,-0.59052134,0.0019371066,0.0019371066
1211,35.0,-0.52939403,2.9000015e-05,2.9000015e-05
1212,0.0,-0.6822123,0.0014079461,0.0014079461
1213,0.0,-0.6822123,-0.0015595215,0.0015595215
1214,11.0,-0.6341837,0.001351516,0.001351516
1215,204.0,0.20849991,0.0005806909,0.0005806909
1216,0.0,-0.6822123,0.00069592043,0.00069592043
1217,0.0,-0.6822123,-0.00057974225,0.00057974225
1218,76.0,-0.35037833,-0.00023864514,0.00023864514
1219,0.0,-0.6822123,0.0007699383,0.0007699383
1220,0.0,-0.6822123,0.00010063986,0.00010063986
1221,0.0,-0.6822123,0.0010732333,0.0010732333
1222,111.0,-0.19756006,0.00031711961,0.00031711961
1223,15.0,-0.6167187,0.00081716274,0.00081716274
1224,82.0,-0.3241809,0.00044064072,0.00044064072
1225,919.0,3.330359,0.0034793026,0.0034793026
1226,587.0,1.8807684,-0.002572447,0.002572447
1227,626.0,2.0510516,-0.001180667,0.001180667
1228,809.0,2.8500729,0.0021330346,0.0021330346
1229,184.0,0.12117518,-0.00024731152,0.00024731152
1230,160.0,0.01638551,-1.351319e-05,1.351319e-05
1231,61.0,-0.41587186,0.00053742394,0.00053742394
1232,15.0,-0.6167187,-0.00037324114,0.00037324114
1233,9.0,-0.64291614,0.0010483534,0.0010483534
1234,43.0,-0.49446413,-0.00053351355,0.00053351355
1235,41.0,-0.5031966,0.0011983706,0.0011983706
1236,134.0,-0.09713663,2.850551e-06,2.850551e-06
1237,0.0,-0.6822123,0.0016514587,0.0016514587
1238,606.0,1.9637269,0.004398059,0.004398059
1239,411.0,1.1123108,-0.00010708749,0.00010708749
1240,6.0,-0.65601486,0.0005724621,0.0005724621
1241,21.0,-0.59052134,0.0011120217,0.0011120217
1242,0.0,-0.6822123,0.00049089594,0.00049089594
1243,0.0,-0.6822123,1.2608113e-05,1.2608113e-05
1244,0.0,-0.6822123,0.0013306761,0.0013306761
1245,0.0,-0.6822123,-0.0012403319,0.0012403319
1246,5.0,-0.6603811,0.00047335128,0.00047335128
1247,190.0,0.1473726,0.00011545789,0.00011545789
1248,9.0,-0.64291614,0.0023420565,0.0023420565
1249,0.0,-0.6822123,-0.001890868,0.001890868
1250,14.0,-0.621085,0.0013168736,0.0013168736
1251,235.0,0.34385324,0.0004787965,0.0004787965
1252,27.0,-0.5643239,0.0016623781,0.0016623781
1253,20.0,-0.59488755,-0.0010024766,0.0010024766
1254,125.0,-0.13643275,0.0005992774,0.0005992774
1255,52.0,-0.455168,-0.00048044664,0.00048044664
1256,20.0,-0.59488755,0.0006211426,0.0006211426
1257,5.0,-0.6603811,-0.0010534815,0.0010534815
1258,0.0,-0.6822123,0.0013310735,0.0013310735
1259,0.0,-0.6822123,-0.0010724817,0.0010724817
1260,0.0,-0.6822123,0.0006167003,0.0006167003
1261,166.0,0.04258293,-6.099092e-06,6.099092e-06
1262,0.0,-0.6822123,0.0008298589,0.0008298589
1263,242.0,0.3744169,0.00038074647,0.00038074647
1264,18.0,-0.60362005,0.00064365583,0.00064365583
1265,58.0,-0.42897058,-7.295754e-05,7.295754e-05
1266,0.0,-0.6822123,-0.00021445562,0.00021445562
1267,0.0,-0.6822123,0.00039306557,0.00039306557
1268,70.0,-0.37657574,0.00094052166,0.00094052166
1269,35.0,-0.52939403,0.00061564386,0.00061564386
1270,79.0,-0.33727962,0.00021740638,0.00021740638
1271,143.0,-0.057840504,4.2862397e-05,4.2862397e-05
1272,15.0,-0.6167187,0.00047127684,0.00047127684
1273,0.0,-0.6822123,-0.0005085481,0.0005085481
1274,27.0,-0.5643239,0.001183485,0.001183485
1275,14.0,-0.621085,-0.00055369036,0.00055369036
1276,0.0,-0.6822123,0.0013821354,0.0013821354
1277,0.0,-0.6822123,-0.00055213354,0.00055213354
1278,38.0,-0.5162953,0.0020206545,0.0020206545
1279,568.0,1.7978098,0.0044574924,0.0044574924
1280,250.0,0.40934676,-0.0010174399,0.0010174399
1281,212.0,0.2434298,0.00026273346,0.00026273346
1282,47.0,-0.47699916,0.001149693,0.001149693
1283,0.0,-0.6822123,-4.4710927e-05,4.4710927e-05
1284,0.0,-0.6822123,0.00061252725,0.00061252725
1285,58.0,-0.42897058,-0.00036188346,0.00036188346
1286,29.0,-0.5555914,0.00062947854,0.00062947854
1287,0.0,-0.6822123,0.00024159068,0.00024159068
1288,27.0,-0.5643239,0.0006648579,0.0006648579
1289,0.0,-0.6822123,0.0016659872,0.0016659872
1290,0.0,-0.6822123,0.00042936835,0.00042936835
1291,259.0,0.44864288,-0.0012449009,0.0012449009
1292,689.0,2.3261247,0.0069506806,0.0069506806
1293,425.0,1.1734381,-0.0024967038,0.0024967038
1294,259.0,0.44864288,0.0002487046,0.0002487046
1295,277.0,0.52723515,-0.0009202786,0.0009202786
1296,204.0,0.20849991,-0.00013929706,0.00013929706
1297,212.0,0.2434298,-0.00046601228,0.00046601228
1298,166.0,0.04258293,-5.4577067e-05,5.4577067e-05
1299,116.0,-0.17572889,0.00012535315,0.00012535315
1300,197.0,0.17793626,5.2405183e-05,5.2405183e-05
1301,178.0,0.09497776,-0.0001330123,0.0001330123
1302,120.0,-0.15826394,0.00023002985,0.00023002985
1303,139.0,-0.07530545,6.0250808e-05,6.0250808e-05
1304,212.0,0.2434298,-0.00055256183,0.00055256183
1305,250.0,0.40934676,0.00030145253,0.00030145253
1306,160.0,0.01638551,-2.3840015e-05,2.3840015e-05
1307,411.0,1.1123108,0.0026539934,0.0026539934
1308,21.0,-0.59052134,0.0015681715,0.0015681715
1309,0.0,-0.6822123,5.585349e-05,5.585349e-05
1310,0.0,-0.6822123,0.000487656,0.000487656
1311,0.0,-0.6822123,0.0011097032,0.0011097032
1312,398.0,1.0555497,0.0020151665,0.0020151665
1313,143.0,-0.057840504,6.785527e-05,6.785527e-05
1314,0.0,-0.6822123,0.00018832911,0.00018832911
1315,27.0,-0.5643239,0.0028661655,0.0028661655
1316,26.0,-0.5686901,0.0007552971,0.0007552971
1317,0.0,-0.6822123,-0.0008119484,0.0008119484
1318,102.0,-0.23685619,0.00048255903,0.00048255903
1319,116.0,-0.17572889,0.0002050241,0.0002050241
1320,116.0,-0.17572889,0.00024069818,0.00024069818
1321,49.0,-0.4682667,0.00093626673,0.00093626673
1322,0.0,-0.6822123,-0.00053581723,0.00053581723
1323,8.0,-0.64728236,0.0018267815,0.0018267815
1324,0.0,-0.6822123,-3.6812227e-05,3.6812227e-05
1325,0.0,-0.6822123,-0.0005982222,0.0005982222
1326,0.0,-0.6822123,0.0016219813,0.0016219813
1327,0.0,-0.6822123,-0.001777366,0.001777366
1328,0.0,-0.6822123,-8.031038e-05,8.031038e-05
1329,102.0,-0.23685619,0.00068511075,0.00068511075
1330,0.0,-0.6822123,-0.0004616117,0.0004616117
1331,0.0,-0.6822123,-0.00046496815,0.00046496815
1332,0.0,-0.6822123,-0.00064586935,0.00064586935
1333,18.0,-0.60362005,0.0024937445,0.0024937445
1334,0.0,-0.6822123,-0.001872643,0.001872643
1335,0.0,-0.6822123,6.495478e-05,6.495478e-05
1336,143.0,-0.057840504,0.00013621275,0.00013621275
1337,70.0,-0.37657574,0.0016760872,0.0016760872
1338,79.0,-0.33727962,-0.0009520992,0.0009520992
1339,139.0,-0.07530545,0.00040737138,0.00040737138
1340,134.0,-0.09713663,0.00019000933,0.00019000933
1341,0.0,-0.6822123,-0.0004342682,0.0004342682
1342,12.0,-0.6298174,0.00018711924,0.00018711924
1343,88.0,-0.2979835,0.0009946912,0.0009946912
1344,3.0,-0.6691136,0.0001992793,0.0001992793
1345,27.0,-0.5643239,-0.0007451648,0.0007451648
1346,17.0,-0.6079863,0.001477254,0.001477254
1347,0.0,-0.6822123,-0.001059247,0.001059247
1348,11.0,-0.6341837,0.0011797239,0.0011797239
1349,0.0,-0.6822123,-0.0010720679,0.0010720679
1350,11.0,-0.6341837,0.00056734926,0.00056734926
1351,134.0,-0.09713663,0.0001423404,0.0001423404
1352,46.0,-0.4813654,0.0005503637,0.0005503637
1353,85.0,-0.3110822,0.0003460193,0.0003460193
1354,0.0,-0.6822123,0.00014779984,0.00014779984
1355,0.0,-0.6822123,-0.00032685354,0.00032685354
1356,52.0,-0.455168,0.00036174574,0.00036174574
1357,3.0,-0.6691136,8.278957e-05,8.278957e-05
1358,26.0,-0.5686901,0.00084649184,0.00084649184
1359,27.0,-0.5643239,0.001205143,0.001205143
1360,0.0,-0.6822123,-0.002015212,0.002015212
1361,49.0,-0.4682667,0.0016972952,0.0016972952
1362,259.0,0.44864288,0.00026207935,0.00026207935
1363,3.0,-0.6691136,0.0008800156,0.0008800156
1364,0.0,-0.6822123,-0.00014615255,0.00014615255
1365,0.0,-0.6822123,0.0020847977,0.0020847977
1366,0.0,-0.6822123,-0.0008136381,0.0008136381
1367,134.0,-0.09713663,0.00045666914,0.00045666914
1368,411.0,1.1123108,0.0016931565,0.0016931565
1369,212.0,0.2434298,-0.0006886742,0.0006886742
1370,91.0,-0.28488478,0.00025823765,0.00025823765
1371,23.0,-0.58178884,0.0018990237,0.0018990237
1372,0.0,-0.6822123,-9.621453e-05,9.621453e-05
1373,0.0,-0.6822123,4.0468203e-05,4.0468203e-05
1374,0.0,-0.6822123,0.0011452171,0.0011452171
1375,14.0,-0.621085,-0.0013266185,0.0013266185
1376,0.0,-0.6822123,0.0019020536,0.0019020536
1377,17.0,-0.6079863,0.0005597101,0.0005597101
1378,0.0,-0.6822123,-0.0005060223,0.0005060223
1379,178.0,0.09497776,-0.0001782379,0.0001782379
1380,197.0,0.17793626,-0.0004172391,0.0004172391
1381,41.0,-0.5031966,0.0002351715,0.0002351715
1382,5.0,-0.6603811,0.00020004573,0.00020004573
1383,24.0,-0.5774226,0.0019167651,0.0019167651
1384,11.0,-0.6341837,0.0009614069,0.0009614069
1385,0.0,-0.6822123,0.0006307317,0.0006307317
1386,0.0,-0.6822123,-0.0012300438,0.0012300438
1387,29.0,-0.5555914,0.0009951193,0.0009951193
1388,0.0,-0.6822123,0.00045460075,0.00045460075
1389,0.0,-0.6822123,-0.0008089143,0.0008089143
1390,3.0,-0.6691136,-0.00033413712,0.00033413712
1391,58.0,-0.42897058,0.0010667782,0.0010667782
1392,5.0,-0.6603811,-0.0011207635,0.0011207635
1393,8.0,-0.64728236,0.0004670268,0.0004670268
1394,0.0,-0.6822123,-8.9950474e-05,8.9950474e-05
1395,3.0,-0.6691136,0.0003866345,0.0003866345
1396,184.0,0.12117518,-1.1263755e-05,1.1263755e-05
1397,55.0,-0.4420693,0.001438268,0.001438268
1398,52.0,-0.455168,-0.00041349305,0.00041349305
1399,0.0,-0.6822123,0.0022108124,0.0022108124
1400,277.0,0.52723515,1.9579907e-06,1.9579907e-06
1401,328.0,0.7499132,-0.0017780714,0.0017780714
1402,439.0,1.2345654,-0.0013027142,0.0013027142
1403,485.0,1.4354123,0.00031506745,0.00031506745
1404,9.0,-0.64291614,0.0011535443,0.0011535443
1405,17.0,-0.6079863,0.0014312838,0.0014312838
1406,0.0,-0.6822123,0.0008821497,0.0008821497
1407,0.0,-0.6822123,0.0006371024,0.0006371024
1408,43.0,-0.49446413,0.00064264773,0.00064264773
1409,0.0,-0.6822123,0.00041640148,0.00041640148
1410,3.0,-0.6691136,0.0003700268,0.0003700268
1411,88.0,-0.2979835,0.00033024268,0.00033024268
1412,76.0,-0.35037833,0.0003214399,0.0003214399
1413,38.0,-0.5162953,0.0003993978,0.0003993978
1414,107.0,-0.21502501,-1.2350697e-05,1.2350697e-05
1415,0.0,-0.6822123,-3.635796e-05,3.635796e-05
1416,0.0,-0.6822123,-0.0006205662,0.0006205662
1417,14.0,-0.621085,0.001397764,0.001397764
1418,9.0,-0.64291614,-0.001592589,0.001592589
1419,61.0,-0.41587186,0.0004640584,0.0004640584
1420,250.0,0.40934676,-0.00048002187,0.00048002187
1421,11.0,-0.6341837,0.0015590091,0.0015590091
1422,0.0,-0.6822123,0.0011199072,0.0011199072
1423,73.0,-0.36347705,0.00032668465,0.00032668465
1424,242.0,0.3744169,-0.0009890384,0.0009890384
1425,485.0,1.4354123,0.0017940328,0.0017940328
1426,79.0,-0.33727962,0.0012460754,0.0012460754
1427,0.0,-0.6822123,-0.0010984577,0.0010984577
1428,49.0,-0.4682667,0.0019029363,0.0019029363
1429,3.0,-0.6691136,0.0002607289,0.0002607289
1430,30.0,-0.5512252,0.00034294595,0.00034294595
1431,102.0,-0.23685619,0.00042493007,0.00042493007
1432,17.0,-0.6079863,0.0012477058,0.0012477058
1433,0.0,-0.6822123,-0.0005171284,0.0005171284
1434,15.0,-0.6167187,0.0006243098,0.0006243098
1435,30.0,-0.5512252,0.00021504199,0.00021504199
1436,8.0,-0.64728236,-4.93522e-05,4.93522e-05
1437,9.0,-0.64291614,0.00023847108,0.00023847108
1438,0.0,-0.6822123,-3.5535722e-05,3.5535722e-05
1439,0.0,-0.6822123,-0.00062099734,0.00062099734
